"매장","매장위치","카테고리","세부내용","시술 설명","매장URL","매장위도","매장경도","recovery_total_days","recovery_transition_day","오늘의 케어"
"엠레드 클리닉","강남구 삼성로 731","약물·주사","초음파™ 보톡스","근육 이완을 통한 주름 개선 및 라인 축소","https://amredclinic.com/ko","37.521263","127.048703","7","3","미간을 찌푸리거나 이마를 크게 움직이는 표정은 오늘 하루 자제해주세요. 시술 부위를 손으로 누르거나 마사지하지 말고, 엎드려 자는 자세도 오늘은 피해주세요. 시술 후 3일 정도는 위 사항을 신경 써주시고, 이후 7일차까지는 서서히 편안해질 거예요."
"엠레드 클리닉","강남구 삼성로 731","약물·주사","스컬트라","콜라겐 자극으로 자연스러운 볼륨 형성","https://amredclinic.com/ko","37.521263","127.048703","10","4","필러가 자리를 잡아가는 기간이라 스컬트라 부위는 세게 누르거나 마사지하지 말고 부드럽게만 관리해주세요. 뜨거운 찜질, 사우나, 격한 운동처럼 붓기를 키울 수 있는 활동은 오늘은 쉬어가시고, 엎드려 자는 자세도 피해주세요. 시술 후 4일 정도는 위 사항을 신경 써주시고, 이후 10일차까지는 서서히 편안해질 거예요."
"엠레드 클리닉","강남구 삼성로 731","약물·주사","튠컬트라","콜라겐 자극 볼륨 시술","https://amredclinic.com/ko","37.521263","127.048703","10","4","콜라겐이 서서히 채워지며 자연스러운 볼륨이 완성되는 시술이라 오늘은 결과를 조급해하지 않으셔도 돼요. 안내받은 방법대로 가볍게 마사지해 주시고(별도 안내가 없다면 세게 누르는 자극은 피해주세요), 사우나·찜질방처럼 열자극이 큰 곳은 오늘 하루 쉬어주세요. 시술 후 4일 정도는 위 사항을 신경 써주시고, 이후 10일차까지는 서서히 편안해질 거예요."
"엠레드 클리닉","강남구 삼성로 731","약물·주사","나노필로티","미세 입자 콜라겐 재생 시술","https://amredclinic.com/ko","37.521263","127.048703","10","4","피부 결과 탄력이 서서히 개선되는 시기라 오늘은 자극적인 각질제거나 스크럽 없이 순한 세안과 보습으로만 관리해주세요. 주삿바늘 자국 주변에 작은 붉은 기나 오돌토돌함이 있을 수 있는데 억지로 짜거나 만지지 말고 자연스럽게 가라앉기를 기다려주세요. 시술 후 4일 정도는 위 사항을 신경 써주시고, 이후 10일차까지는 서서히 편안해질 거예요."
"엠레드 클리닉","강남구 삼성로 731","약물·주사","엠레드 줄기세포","줄기세포 성분 피부 재생 시술","https://amredclinic.com/ko","37.521263","127.048703","5","2","피부 결과 탄력이 서서히 개선되는 시기라 오늘은 자극적인 각질제거나 스크럽 없이 순한 세안과 보습으로만 관리해주세요. 주삿바늘 자국 주변에 작은 붉은 기나 오돌토돌함이 있을 수 있는데 억지로 짜거나 만지지 말고 자연스럽게 가라앉기를 기다려주세요. 시술 후 2일 정도는 위 사항을 신경 써주시고, 이후 5일차까지는 서서히 편안해질 거예요."
"엠레드 클리닉","강남구 삼성로 731","약물·주사","리쥬란","PDRN 성분으로 피부 재생 및 탄력 개선","https://amredclinic.com/ko","37.521263","127.048703","5","2","피부 결과 탄력이 서서히 개선되는 시기라 오늘은 자극적인 각질제거나 스크럽 없이 순한 세안과 보습으로만 관리해주세요. 주삿바늘 자국 주변에 작은 붉은 기나 오돌토돌함이 있을 수 있는데 억지로 짜거나 만지지 말고 자연스럽게 가라앉기를 기다려주세요. 시술 후 2일 정도는 위 사항을 신경 써주시고, 이후 5일차까지는 서서히 편안해질 거예요."
"엠레드 클리닉","강남구 삼성로 731","약물·주사","쥬베룩","콜라겐 재생 자극 필러로 볼륨 및 피부결 개선","https://amredclinic.com/ko","37.521263","127.048703","10","4","콜라겐이 서서히 채워지며 자연스러운 볼륨이 완성되는 시술이라 오늘은 결과를 조급해하지 않으셔도 돼요. 안내받은 방법대로 가볍게 마사지해 주시고(별도 안내가 없다면 세게 누르는 자극은 피해주세요), 사우나·찜질방처럼 열자극이 큰 곳은 오늘 하루 쉬어주세요. 시술 후 4일 정도는 위 사항을 신경 써주시고, 이후 10일차까지는 서서히 편안해질 거예요."
"엠레드 클리닉","강남구 삼성로 731","약물·주사","엑소좀","엑소좀 성분으로 피부 진정 및 재생","https://amredclinic.com/ko","37.521263","127.048703","5","2","피부 결과 탄력이 서서히 개선되는 시기라 오늘은 자극적인 각질제거나 스크럽 없이 순한 세안과 보습으로만 관리해주세요. 주삿바늘 자국 주변에 작은 붉은 기나 오돌토돌함이 있을 수 있는데 억지로 짜거나 만지지 말고 자연스럽게 가라앉기를 기다려주세요. 시술 후 2일 정도는 위 사항을 신경 써주시고, 이후 5일차까지는 서서히 편안해질 거예요."
"엠레드 클리닉","강남구 삼성로 731","약물·주사","스킨바이브","피부 표면 결 개선 미세 히알루론산 주사","https://amredclinic.com/ko","37.521263","127.048703","5","2","피부 결과 탄력이 서서히 개선되는 시기라 오늘은 자극적인 각질제거나 스크럽 없이 순한 세안과 보습으로만 관리해주세요. 주삿바늘 자국 주변에 작은 붉은 기나 오돌토돌함이 있을 수 있는데 억지로 짜거나 만지지 말고 자연스럽게 가라앉기를 기다려주세요. 시술 후 2일 정도는 위 사항을 신경 써주시고, 이후 5일차까지는 서서히 편안해질 거예요."
"엠레드 클리닉","강남구 삼성로 731","약물·주사","초음파™ 브이올렛","얼굴·바디 윤곽 개선 볼륨 주사","https://amredclinic.com/ko","37.521263","127.048703","5","2","볼륨이 자리 잡는 초기라 시술 부위가 붓거나 단단하게 느껴질 수 있어요, 오늘은 마사지나 압박 없이 편하게 두세요. 무리한 운동이나 사우나는 잠시 미루고 충분한 수분 섭취로 회복을 도와주세요. 시술 후 2일 정도는 위 사항을 신경 써주시고, 이후 5일차까지는 서서히 편안해질 거예요."
"엠레드 클리닉","강남구 삼성로 731","약물·주사","초음파™ 윤곽주사","얼굴 윤곽 개선 주사","https://amredclinic.com/ko","37.521263","127.048703","5","2","필러가 자리를 잡아가는 기간이라 초음파™ 윤곽주사 부위는 세게 누르거나 마사지하지 말고 부드럽게만 관리해주세요. 뜨거운 찜질, 사우나, 격한 운동처럼 붓기를 키울 수 있는 활동은 오늘은 쉬어가시고, 엎드려 자는 자세도 피해주세요. 시술 후 2일 정도는 위 사항을 신경 써주시고, 이후 5일차까지는 서서히 편안해질 거예요."
"엠레드 클리닉","강남구 삼성로 731","약물·주사","쥬베룩 볼륨","콜라겐 재생 자극 필러로 볼륨 및 피부결 개선","https://amredclinic.com/ko","37.521263","127.048703","10","4","콜라겐이 서서히 채워지며 자연스러운 볼륨이 완성되는 시술이라 오늘은 결과를 조급해하지 않으셔도 돼요. 안내받은 방법대로 가볍게 마사지해 주시고(별도 안내가 없다면 세게 누르는 자극은 피해주세요), 사우나·찜질방처럼 열자극이 큰 곳은 오늘 하루 쉬어주세요. 시술 후 4일 정도는 위 사항을 신경 써주시고, 이후 10일차까지는 서서히 편안해질 거예요."
"엠레드 클리닉","강남구 삼성로 731","약물·주사","필러","부위별 볼륨 보충 및 라인 개선","https://amredclinic.com/ko","37.521263","127.048703","10","3","필러가 자리를 잡아가는 기간이라 필러 부위는 세게 누르거나 마사지하지 말고 부드럽게만 관리해주세요. 뜨거운 찜질, 사우나, 격한 운동처럼 붓기를 키울 수 있는 활동은 오늘은 쉬어가시고, 엎드려 자는 자세도 피해주세요. 시술 후 3일 정도는 위 사항을 신경 써주시고, 이후 10일차까지는 서서히 편안해질 거예요."
"엠레드 클리닉","강남구 삼성로 731","약물·주사","엘란쎄 윤곽고정술","필러+실 고정으로 윤곽 리프팅 및 볼륨","https://amredclinic.com/ko","37.521263","127.048703","14","5","콜라겐이 서서히 채워지며 자연스러운 볼륨이 완성되는 시술이라 오늘은 결과를 조급해하지 않으셔도 돼요. 안내받은 방법대로 가볍게 마사지해 주시고(별도 안내가 없다면 세게 누르는 자극은 피해주세요), 사우나·찜질방처럼 열자극이 큰 곳은 오늘 하루 쉬어주세요. 시술 후 5일 정도는 위 사항을 신경 써주시고, 이후 14일차까지는 서서히 편안해질 거예요."
"엠레드 리프팅 센터","강남구 삼성로 725","기기 기반","울쎄라피 프라임","고강도집속초음파(HIFU)로 리프팅","https://amredclinic.com/ko","37.520338","127.048953","5","2","탄력이 서서히 올라오는 시기라 오늘은 시술 부위에 강한 힘을 주는 마사지나 압박은 피해주세요. 사우나·찜질방 같은 고온 환경과 음주는 붓기와 자극을 키울 수 있으니 오늘 하루는 쉬어가시고, 자외선 차단제를 꼼꼼히 발라주세요. 시술 후 2일 정도는 위 사항을 신경 써주시고, 이후 5일차까지는 서서히 편안해질 거예요."
"엠레드 리프팅 센터","강남구 삼성로 725","기기 기반","써마지 FLX","고주파 열에너지로 피부 탄력 개선","https://amredclinic.com/ko","37.520338","127.048953","5","2","탄력이 서서히 올라오는 시기라 오늘은 시술 부위에 강한 힘을 주는 마사지나 압박은 피해주세요. 사우나·찜질방 같은 고온 환경과 음주는 붓기와 자극을 키울 수 있으니 오늘 하루는 쉬어가시고, 자외선 차단제를 꼼꼼히 발라주세요. 시술 후 2일 정도는 위 사항을 신경 써주시고, 이후 5일차까지는 서서히 편안해질 거예요."
"엠레드 리프팅 센터","강남구 삼성로 725","기기 기반","티타늄 리프팅","고주파 탄력 개선 리프팅","https://amredclinic.com/ko","37.520338","127.048953","5","2","탄력이 서서히 올라오는 시기라 오늘은 시술 부위에 강한 힘을 주는 마사지나 압박은 피해주세요. 사우나·찜질방 같은 고온 환경과 음주는 붓기와 자극을 키울 수 있으니 오늘 하루는 쉬어가시고, 자외선 차단제를 꼼꼼히 발라주세요. 시술 후 2일 정도는 위 사항을 신경 써주시고, 이후 5일차까지는 서서히 편안해질 거예요."
"엠레드 리프팅 센터","강남구 삼성로 725","기기 기반","튠 콩피에르?","고강도초음파 부위별 리프팅","https://amredclinic.com/ko","37.520338","127.048953","5","2","탄력이 서서히 올라오는 시기라 오늘은 시술 부위에 강한 힘을 주는 마사지나 압박은 피해주세요. 사우나·찜질방 같은 고온 환경과 음주는 붓기와 자극을 키울 수 있으니 오늘 하루는 쉬어가시고, 자외선 차단제를 꼼꼼히 발라주세요. 시술 후 2일 정도는 위 사항을 신경 써주시고, 이후 5일차까지는 서서히 편안해질 거예요."
"엠레드 리프팅 센터","강남구 삼성로 725","기기 기반","프로파운드","고주파 미세침 리프팅","https://amredclinic.com/ko","37.520338","127.048953","5","2","탄력이 서서히 올라오는 시기라 오늘은 시술 부위에 강한 힘을 주는 마사지나 압박은 피해주세요. 사우나·찜질방 같은 고온 환경과 음주는 붓기와 자극을 키울 수 있으니 오늘 하루는 쉬어가시고, 자외선 차단제를 꼼꼼히 발라주세요. 시술 후 2일 정도는 위 사항을 신경 써주시고, 이후 5일차까지는 서서히 편안해질 거예요."
"엠레드 리프팅 센터","강남구 삼성로 725","기기 기반","온다","고주파 지방·탄력 개선 리프팅","https://amredclinic.com/ko","37.520338","127.048953","5","2","탄력이 서서히 올라오는 시기라 오늘은 시술 부위에 강한 힘을 주는 마사지나 압박은 피해주세요. 사우나·찜질방 같은 고온 환경과 음주는 붓기와 자극을 키울 수 있으니 오늘 하루는 쉬어가시고, 자외선 차단제를 꼼꼼히 발라주세요. 시술 후 2일 정도는 위 사항을 신경 써주시고, 이후 5일차까지는 서서히 편안해질 거예요."
"엠레드 리프팅 센터","강남구 삼성로 725","기기 기반","올타이트","고주파 탄력 리프팅","https://amredclinic.com/ko","37.520338","127.048953","5","2","탄력이 서서히 올라오는 시기라 오늘은 시술 부위에 강한 힘을 주는 마사지나 압박은 피해주세요. 사우나·찜질방 같은 고온 환경과 음주는 붓기와 자극을 키울 수 있으니 오늘 하루는 쉬어가시고, 자외선 차단제를 꼼꼼히 발라주세요. 시술 후 2일 정도는 위 사항을 신경 써주시고, 이후 5일차까지는 서서히 편안해질 거예요."
"엠레드 리프팅 센터","강남구 삼성로 725","기기 기반","소프웨이브","초음파 리프팅","https://amredclinic.com/ko","37.520338","127.048953","5","2","탄력이 서서히 올라오는 시기라 오늘은 시술 부위에 강한 힘을 주는 마사지나 압박은 피해주세요. 사우나·찜질방 같은 고온 환경과 음주는 붓기와 자극을 키울 수 있으니 오늘 하루는 쉬어가시고, 자외선 차단제를 꼼꼼히 발라주세요. 시술 후 2일 정도는 위 사항을 신경 써주시고, 이후 5일차까지는 서서히 편안해질 거예요."
"엠레드 리프팅 센터","강남구 삼성로 725","기기 기반","엠페이스","근육 자극을 통한 볼 탄력 리프팅","https://amredclinic.com/ko","37.520338","127.048953","5","2","근육 자극을 통한 볼 탄력 리프팅 효과가 자리 잡는 시기라 시술 부위는 손으로 누르거나 마사지하지 말고 자연스럽게 두는 게 좋아요. 오늘은 음주와 격렬한 운동은 피하고, 시술 부위에 직접적인 압박이 가지 않도록 편한 자세로 쉬어주세요. 시술 후 2일 정도는 위 사항을 신경 써주시고, 이후 5일차까지는 서서히 편안해질 거예요."
"엠레드 리프팅 센터","강남구 삼성로 725","기기 기반","슈링크 유니버스","고강도초음파 리프팅","https://amredclinic.com/ko","37.520338","127.048953","5","2","탄력이 서서히 올라오는 시기라 오늘은 시술 부위에 강한 힘을 주는 마사지나 압박은 피해주세요. 사우나·찜질방 같은 고온 환경과 음주는 붓기와 자극을 키울 수 있으니 오늘 하루는 쉬어가시고, 자외선 차단제를 꼼꼼히 발라주세요. 시술 후 2일 정도는 위 사항을 신경 써주시고, 이후 5일차까지는 서서히 편안해질 거예요."
"엠레드 리프팅 센터","강남구 삼성로 725","기기 기반","인모드","고주파 리프팅 및 지방 감소","https://amredclinic.com/ko","37.520338","127.048953","5","2","탄력이 서서히 올라오는 시기라 오늘은 시술 부위에 강한 힘을 주는 마사지나 압박은 피해주세요. 사우나·찜질방 같은 고온 환경과 음주는 붓기와 자극을 키울 수 있으니 오늘 하루는 쉬어가시고, 자외선 차단제를 꼼꼼히 발라주세요. 시술 후 2일 정도는 위 사항을 신경 써주시고, 이후 5일차까지는 서서히 편안해질 거예요."
"엠레드 리프팅 센터","강남구 삼성로 725","기기 기반","토르 리프팅","고주파 탄력 리프팅","https://amredclinic.com/ko","37.520338","127.048953","5","2","탄력이 서서히 올라오는 시기라 오늘은 시술 부위에 강한 힘을 주는 마사지나 압박은 피해주세요. 사우나·찜질방 같은 고온 환경과 음주는 붓기와 자극을 키울 수 있으니 오늘 하루는 쉬어가시고, 자외선 차단제를 꼼꼼히 발라주세요. 시술 후 2일 정도는 위 사항을 신경 써주시고, 이후 5일차까지는 서서히 편안해질 거예요."
"엠레드 클리닉","강남구 삼성로 731","기기 기반","포텐자","약물 흡수 촉진 고주파 미세침","https://amredclinic.com/ko","37.521263","127.048703","7","3","미세한 자극으로 붉은 기와 좁쌀 같은 오돌토돌함이 남아있을 수 있는 시기예요, 오늘은 두꺼운 화장은 피하고 순한 성분으로만 보습해주세요. 자외선 차단제를 넉넉히 덧발라 주시고 뜨거운 찜질이나 각질제거는 잠시 쉬어주세요. 시술 후 3일 정도는 위 사항을 신경 써주시고, 이후 7일차까지는 서서히 편안해질 거예요."
"엠레드 클리닉","강남구 삼성로 731","기기 기반","피코웨이","모공·흉터 개선 피코 레이저","https://amredclinic.com/ko","37.521263","127.048703","7","3","각질을 억지로 벗기거나 짜지 말고 순한 진정 케어로 마무리해주세요. 오늘은 각질제거·스크럽·필링 등 추가 자극은 피하고 순한 보습 위주로 관리해주세요. 시술 후 3일 정도는 위 사항을 신경 써주시고, 이후 7일차까지는 서서히 편안해질 거예요."
"엠레드 클리닉","강남구 삼성로 731","기기 기반","튠라이트","고강도초음파 부위별 리프팅","https://amredclinic.com/ko","37.521263","127.048703","5","2","탄력이 서서히 올라오는 시기라 오늘은 시술 부위에 강한 힘을 주는 마사지나 압박은 피해주세요. 사우나·찜질방 같은 고온 환경과 음주는 붓기와 자극을 키울 수 있으니 오늘 하루는 쉬어가시고, 자외선 차단제를 꼼꼼히 발라주세요. 시술 후 2일 정도는 위 사항을 신경 써주시고, 이후 5일차까지는 서서히 편안해질 거예요."
"엠레드 클리닉","강남구 삼성로 731","기기 기반","젠틀맥스 프로 플러스","제모 및 색소 개선 레이저","https://amredclinic.com/ko","37.521263","127.048703","7","3","시술 부위 각질이나 털을 억지로 뜯어내지 말고 자연스럽게 빠지도록 두세요. 오늘은 각질제거·스크럽·필링 등 추가 자극은 피하고 순한 보습 위주로 관리해주세요. 시술 후 3일 정도는 위 사항을 신경 써주시고, 이후 7일차까지는 서서히 편안해질 거예요."
"더나클리닉","서울 서초구 서초대로77길 17 (BLOCK77)","약물·주사","BrainFocus IV(집중력)","컨디션 관리를 위한 영양수액","https://dernaclinic.com/ko","37.500263","127.025797","1","0","오늘은 충분한 수분과 휴식으로 컨디션을 채워주는 게 가장 중요해요. 주사를 맞은 부위에 멍이나 약간의 뻐근함이 있을 수 있으니 무리한 팔 운동은 잠시 피해주세요. 오늘 하루만 신경 써서 관리하면 내일부터는 평소처럼 지내도 괜찮아요."
"더나클리닉","서울 서초구 서초대로77길 17 (BLOCK77)","약물·주사","ClearMorning IV(숙취해소)","컨디션 관리를 위한 영양수액","https://dernaclinic.com/ko","37.500263","127.025797","1","0","오늘은 충분한 수분과 휴식으로 컨디션을 채워주는 게 가장 중요해요. 주사를 맞은 부위에 멍이나 약간의 뻐근함이 있을 수 있으니 무리한 팔 운동은 잠시 피해주세요. 오늘 하루만 신경 써서 관리하면 내일부터는 평소처럼 지내도 괜찮아요."
"더나클리닉","서울 서초구 서초대로77길 17 (BLOCK77)","약물·주사","Glow up Drip(미백)","컨디션 관리를 위한 영양수액","https://dernaclinic.com/ko","37.500263","127.025797","1","0","오늘은 충분한 수분과 휴식으로 컨디션을 채워주는 게 가장 중요해요. 주사를 맞은 부위에 멍이나 약간의 뻐근함이 있을 수 있으니 무리한 팔 운동은 잠시 피해주세요. 오늘 하루만 신경 써서 관리하면 내일부터는 평소처럼 지내도 괜찮아요."
"더나클리닉","서울 서초구 서초대로77길 17 (BLOCK77)","약물·주사","Hair Booster Drip(모발/두피 시너지)","컨디션 관리를 위한 영양수액","https://dernaclinic.com/ko","37.500263","127.025797","1","0","오늘은 충분한 수분과 휴식으로 컨디션을 채워주는 게 가장 중요해요. 주사를 맞은 부위에 멍이나 약간의 뻐근함이 있을 수 있으니 무리한 팔 운동은 잠시 피해주세요. 오늘 하루만 신경 써서 관리하면 내일부터는 평소처럼 지내도 괜찮아요."
"더나클리닉","서울 서초구 서초대로77길 17 (BLOCK77)","약물·주사","ImmuShield IV(면역력)","컨디션 관리를 위한 영양수액","https://dernaclinic.com/ko","37.500263","127.025797","1","0","오늘은 충분한 수분과 휴식으로 컨디션을 채워주는 게 가장 중요해요. 주사를 맞은 부위에 멍이나 약간의 뻐근함이 있을 수 있으니 무리한 팔 운동은 잠시 피해주세요. 오늘 하루만 신경 써서 관리하면 내일부터는 평소처럼 지내도 괜찮아요."
"더나클리닉","서울 서초구 서초대로77길 17 (BLOCK77)","약물·주사","Lift Synergy Drip(리프팅 시너지)","컨디션 관리를 위한 영양수액","https://dernaclinic.com/ko","37.500263","127.025797","1","0","오늘은 충분한 수분과 휴식으로 컨디션을 채워주는 게 가장 중요해요. 주사를 맞은 부위에 멍이나 약간의 뻐근함이 있을 수 있으니 무리한 팔 운동은 잠시 피해주세요. 오늘 하루만 신경 써서 관리하면 내일부터는 평소처럼 지내도 괜찮아요."
"더나클리닉","서울 서초구 서초대로77길 17 (BLOCK77)","약물·주사","ReEnergy IV(만성피로)","컨디션 관리를 위한 영양수액","https://dernaclinic.com/ko","37.500263","127.025797","1","0","오늘은 충분한 수분과 휴식으로 컨디션을 채워주는 게 가장 중요해요. 주사를 맞은 부위에 멍이나 약간의 뻐근함이 있을 수 있으니 무리한 팔 운동은 잠시 피해주세요. 오늘 하루만 신경 써서 관리하면 내일부터는 평소처럼 지내도 괜찮아요."
"더나클리닉","서울 서초구 서초대로77길 17 (BLOCK77)","약물·주사","Recovery Drip(통증/붓기 케어)","컨디션 관리를 위한 영양수액","https://dernaclinic.com/ko","37.500263","127.025797","1","0","오늘은 충분한 수분과 휴식으로 컨디션을 채워주는 게 가장 중요해요. 주사를 맞은 부위에 멍이나 약간의 뻐근함이 있을 수 있으니 무리한 팔 운동은 잠시 피해주세요. 오늘 하루만 신경 써서 관리하면 내일부터는 평소처럼 지내도 괜찮아요."
"더나클리닉","서울 서초구 서초대로77길 17 (BLOCK77)","약물·주사","Skin Repair Drip(스킨부스터 시너지)","컨디션 관리를 위한 영양수액","https://dernaclinic.com/ko","37.500263","127.025797","1","0","오늘은 충분한 수분과 휴식으로 컨디션을 채워주는 게 가장 중요해요. 주사를 맞은 부위에 멍이나 약간의 뻐근함이 있을 수 있으니 무리한 팔 운동은 잠시 피해주세요. 오늘 하루만 신경 써서 관리하면 내일부터는 평소처럼 지내도 괜찮아요."
"더나클리닉","서울 서초구 서초대로77길 17 (BLOCK77)","약물·주사","SlimFit IV(다이어트)","컨디션 관리를 위한 영양수액","https://dernaclinic.com/ko","37.500263","127.025797","1","0","오늘은 충분한 수분과 휴식으로 컨디션을 채워주는 게 가장 중요해요. 주사를 맞은 부위에 멍이나 약간의 뻐근함이 있을 수 있으니 무리한 팔 운동은 잠시 피해주세요. 오늘 하루만 신경 써서 관리하면 내일부터는 평소처럼 지내도 괜찮아요."
"더나클리닉","서울 서초구 서초대로77길 17 (BLOCK77)","약물·주사","Timeless Drip(안티에이징)","컨디션 관리를 위한 영양수액","https://dernaclinic.com/ko","37.500263","127.025797","1","0","오늘은 충분한 수분과 휴식으로 컨디션을 채워주는 게 가장 중요해요. 주사를 맞은 부위에 멍이나 약간의 뻐근함이 있을 수 있으니 무리한 팔 운동은 잠시 피해주세요. 오늘 하루만 신경 써서 관리하면 내일부터는 평소처럼 지내도 괜찮아요."
"더나클리닉","서울 서초구 서초대로77길 17 (BLOCK77)","약물·주사","뉴라미스 관자 필러 1cc","관자놀이 꺼짐 볼륨 보충","https://dernaclinic.com/ko","37.500263","127.025797","10","3","필러가 자리를 잡아가는 기간이라 뉴라미스 관자 필러 부위는 세게 누르거나 마사지하지 말고 부드럽게만 관리해주세요. 뜨거운 찜질, 사우나, 격한 운동처럼 붓기를 키울 수 있는 활동은 오늘은 쉬어가시고, 엎드려 자는 자세도 피해주세요. 시술 후 3일 정도는 위 사항을 신경 써주시고, 이후 10일차까지는 서서히 편안해질 거예요."
"더나클리닉","서울 서초구 서초대로77길 17 (BLOCK77)","약물·주사","뉴라미스 귀 디자인 필러 4cc","귀 볼륨 보충","https://dernaclinic.com/ko","37.500263","127.025797","10","3","필러가 자리를 잡아가는 기간이라 뉴라미스 귀 디자인 필러 부위는 세게 누르거나 마사지하지 말고 부드럽게만 관리해주세요. 뜨거운 찜질, 사우나, 격한 운동처럼 붓기를 키울 수 있는 활동은 오늘은 쉬어가시고, 엎드려 자는 자세도 피해주세요. 시술 후 3일 정도는 위 사항을 신경 써주시고, 이후 10일차까지는 서서히 편안해질 거예요."
"더나클리닉","서울 서초구 서초대로77길 17 (BLOCK77)","약물·주사","뉴라미스 눈밑 필러 1cc","눈밑 꺼짐 볼륨 보충","https://dernaclinic.com/ko","37.500263","127.025797","10","3","필러가 자리를 잡아가는 기간이라 뉴라미스 눈밑 필러 부위는 세게 누르거나 마사지하지 말고 부드럽게만 관리해주세요. 뜨거운 찜질, 사우나, 격한 운동처럼 붓기를 키울 수 있는 활동은 오늘은 쉬어가시고, 엎드려 자는 자세도 피해주세요. 시술 후 3일 정도는 위 사항을 신경 써주시고, 이후 10일차까지는 서서히 편안해질 거예요."
"더나클리닉","서울 서초구 서초대로77길 17 (BLOCK77)","약물·주사","뉴라미스 마리오네트 필러 1cc","입가 팔자주름(마리오네트 라인) 개선","https://dernaclinic.com/ko","37.500263","127.025797","10","3","필러가 자리를 잡아가는 기간이라 뉴라미스 마리오네트 필러 부위는 세게 누르거나 마사지하지 말고 부드럽게만 관리해주세요. 뜨거운 찜질, 사우나, 격한 운동처럼 붓기를 키울 수 있는 활동은 오늘은 쉬어가시고, 엎드려 자는 자세도 피해주세요. 시술 후 3일 정도는 위 사항을 신경 써주시고, 이후 10일차까지는 서서히 편안해질 거예요."
"더나클리닉","서울 서초구 서초대로77길 17 (BLOCK77)","약물·주사","뉴라미스 앞광대 필러 1cc","볼·광대 볼륨 보충","https://dernaclinic.com/ko","37.500263","127.025797","10","3","필러가 자리를 잡아가는 기간이라 뉴라미스 앞광대 필러 부위는 세게 누르거나 마사지하지 말고 부드럽게만 관리해주세요. 뜨거운 찜질, 사우나, 격한 운동처럼 붓기를 키울 수 있는 활동은 오늘은 쉬어가시고, 엎드려 자는 자세도 피해주세요. 시술 후 3일 정도는 위 사항을 신경 써주시고, 이후 10일차까지는 서서히 편안해질 거예요."
"더나클리닉","서울 서초구 서초대로77길 17 (BLOCK77)","약물·주사","뉴라미스 앞볼필러 1cc","볼·광대 볼륨 보충","https://dernaclinic.com/ko","37.500263","127.025797","10","3","필러가 자리를 잡아가는 기간이라 뉴라미스 앞볼필러 부위는 세게 누르거나 마사지하지 말고 부드럽게만 관리해주세요. 뜨거운 찜질, 사우나, 격한 운동처럼 붓기를 키울 수 있는 활동은 오늘은 쉬어가시고, 엎드려 자는 자세도 피해주세요. 시술 후 3일 정도는 위 사항을 신경 써주시고, 이후 10일차까지는 서서히 편안해질 거예요."
"더나클리닉","서울 서초구 서초대로77길 17 (BLOCK77)","약물·주사","뉴라미스 애교 필러 1cc","애교살 볼륨 형성","https://dernaclinic.com/ko","37.500263","127.025797","10","3","필러가 자리를 잡아가는 기간이라 뉴라미스 애교 필러 부위는 세게 누르거나 마사지하지 말고 부드럽게만 관리해주세요. 뜨거운 찜질, 사우나, 격한 운동처럼 붓기를 키울 수 있는 활동은 오늘은 쉬어가시고, 엎드려 자는 자세도 피해주세요. 시술 후 3일 정도는 위 사항을 신경 써주시고, 이후 10일차까지는 서서히 편안해질 거예요."
"더나클리닉","서울 서초구 서초대로77길 17 (BLOCK77)","약물·주사","뉴라미스 옆볼 필러 1cc","볼·광대 볼륨 보충","https://dernaclinic.com/ko","37.500263","127.025797","10","3","필러가 자리를 잡아가는 기간이라 뉴라미스 옆볼 필러 부위는 세게 누르거나 마사지하지 말고 부드럽게만 관리해주세요. 뜨거운 찜질, 사우나, 격한 운동처럼 붓기를 키울 수 있는 활동은 오늘은 쉬어가시고, 엎드려 자는 자세도 피해주세요. 시술 후 3일 정도는 위 사항을 신경 써주시고, 이후 10일차까지는 서서히 편안해질 거예요."
"더나클리닉","서울 서초구 서초대로77길 17 (BLOCK77)","약물·주사","뉴라미스 이마 필러 1cc","이마 볼륨 보충으로 매끈한 라인 형성","https://dernaclinic.com/ko","37.500263","127.025797","10","3","필러가 자리를 잡아가는 기간이라 뉴라미스 이마 필러 부위는 세게 누르거나 마사지하지 말고 부드럽게만 관리해주세요. 뜨거운 찜질, 사우나, 격한 운동처럼 붓기를 키울 수 있는 활동은 오늘은 쉬어가시고, 엎드려 자는 자세도 피해주세요. 시술 후 3일 정도는 위 사항을 신경 써주시고, 이후 10일차까지는 서서히 편안해질 거예요."
"더나클리닉","서울 서초구 서초대로77길 17 (BLOCK77)","약물·주사","뉴라미스 인디언주름 필러 1cc","미간~눈가 인디언주름 개선","https://dernaclinic.com/ko","37.500263","127.025797","10","3","필러가 자리를 잡아가는 기간이라 뉴라미스 인디언주름 필러 부위는 세게 누르거나 마사지하지 말고 부드럽게만 관리해주세요. 뜨거운 찜질, 사우나, 격한 운동처럼 붓기를 키울 수 있는 활동은 오늘은 쉬어가시고, 엎드려 자는 자세도 피해주세요. 시술 후 3일 정도는 위 사항을 신경 써주시고, 이후 10일차까지는 서서히 편안해질 거예요."
"더나클리닉","서울 서초구 서초대로77길 17 (BLOCK77)","약물·주사","뉴라미스 입술 디자인 필러 1cc","입술 볼륨 및 라인 디자인","https://dernaclinic.com/ko","37.500263","127.025797","10","3","필러가 자리를 잡아가는 기간이라 뉴라미스 입술 디자인 필러 부위는 세게 누르거나 마사지하지 말고 부드럽게만 관리해주세요. 뜨거운 찜질, 사우나, 격한 운동처럼 붓기를 키울 수 있는 활동은 오늘은 쉬어가시고, 엎드려 자는 자세도 피해주세요. 시술 후 3일 정도는 위 사항을 신경 써주시고, 이후 10일차까지는 서서히 편안해질 거예요."
"더나클리닉","서울 서초구 서초대로77길 17 (BLOCK77)","약물·주사","뉴라미스 코 디자인 필러 1cc","코 라인 정리 및 콧대 볼륨 형성","https://dernaclinic.com/ko","37.500263","127.025797","10","3","필러가 자리를 잡아가는 기간이라 뉴라미스 코 디자인 필러 부위는 세게 누르거나 마사지하지 말고 부드럽게만 관리해주세요. 뜨거운 찜질, 사우나, 격한 운동처럼 붓기를 키울 수 있는 활동은 오늘은 쉬어가시고, 엎드려 자는 자세도 피해주세요. 시술 후 3일 정도는 위 사항을 신경 써주시고, 이후 10일차까지는 서서히 편안해질 거예요."
"더나클리닉","서울 서초구 서초대로77길 17 (BLOCK77)","약물·주사","뉴라미스 턱 필러 1cc","턱 라인 볼륨 및 길이 보정","https://dernaclinic.com/ko","37.500263","127.025797","10","3","필러가 자리를 잡아가는 기간이라 뉴라미스 턱 필러 부위는 세게 누르거나 마사지하지 말고 부드럽게만 관리해주세요. 뜨거운 찜질, 사우나, 격한 운동처럼 붓기를 키울 수 있는 활동은 오늘은 쉬어가시고, 엎드려 자는 자세도 피해주세요. 시술 후 3일 정도는 위 사항을 신경 써주시고, 이후 10일차까지는 서서히 편안해질 거예요."
"더나클리닉","서울 서초구 서초대로77길 17 (BLOCK77)","약물·주사","뉴라미스 팔자 필러 1cc","팔자주름 개선","https://dernaclinic.com/ko","37.500263","127.025797","10","3","필러가 자리를 잡아가는 기간이라 뉴라미스 팔자 필러 부위는 세게 누르거나 마사지하지 말고 부드럽게만 관리해주세요. 뜨거운 찜질, 사우나, 격한 운동처럼 붓기를 키울 수 있는 활동은 오늘은 쉬어가시고, 엎드려 자는 자세도 피해주세요. 시술 후 3일 정도는 위 사항을 신경 써주시고, 이후 10일차까지는 서서히 편안해질 거예요."
"더나클리닉","서울 서초구 서초대로77길 17 (BLOCK77)","약물·주사","더나 셀 스킨 부스터(피부) 60cc 1회","줄기세포 유래 성분 피부 재생 부스터","https://dernaclinic.com/ko","37.500263","127.025797","5","2","피부 결과 탄력이 서서히 개선되는 시기라 오늘은 자극적인 각질제거나 스크럽 없이 순한 세안과 보습으로만 관리해주세요. 주삿바늘 자국 주변에 작은 붉은 기나 오돌토돌함이 있을 수 있는데 억지로 짜거나 만지지 말고 자연스럽게 가라앉기를 기다려주세요. 시술 후 2일 정도는 위 사항을 신경 써주시고, 이후 5일차까지는 서서히 편안해질 거예요."
"더나클리닉","서울 서초구 서초대로77길 17 (BLOCK77)","약물·주사","더나 셀 스킨 부스터(피부) 60cc 3회","줄기세포 유래 성분 피부 재생 부스터","https://dernaclinic.com/ko","37.500263","127.025797","5","2","피부 결과 탄력이 서서히 개선되는 시기라 오늘은 자극적인 각질제거나 스크럽 없이 순한 세안과 보습으로만 관리해주세요. 주삿바늘 자국 주변에 작은 붉은 기나 오돌토돌함이 있을 수 있는데 억지로 짜거나 만지지 말고 자연스럽게 가라앉기를 기다려주세요. 시술 후 2일 정도는 위 사항을 신경 써주시고, 이후 5일차까지는 서서히 편안해질 거예요."
"더나클리닉","서울 서초구 서초대로77길 17 (BLOCK77)","약물·주사","더나부스터(손주사) 5cc 1회","복합 영양성분 피부 보습 부스터","https://dernaclinic.com/ko","37.500263","127.025797","5","2","피부 결과 탄력이 서서히 개선되는 시기라 오늘은 자극적인 각질제거나 스크럽 없이 순한 세안과 보습으로만 관리해주세요. 주삿바늘 자국 주변에 작은 붉은 기나 오돌토돌함이 있을 수 있는데 억지로 짜거나 만지지 말고 자연스럽게 가라앉기를 기다려주세요. 시술 후 2일 정도는 위 사항을 신경 써주시고, 이후 5일차까지는 서서히 편안해질 거예요."
"더나클리닉","서울 서초구 서초대로77길 17 (BLOCK77)","약물·주사","더나부스터(손주사) 5cc 3회","복합 영양성분 피부 보습 부스터","https://dernaclinic.com/ko","37.500263","127.025797","5","2","피부 결과 탄력이 서서히 개선되는 시기라 오늘은 자극적인 각질제거나 스크럽 없이 순한 세안과 보습으로만 관리해주세요. 주삿바늘 자국 주변에 작은 붉은 기나 오돌토돌함이 있을 수 있는데 억지로 짜거나 만지지 말고 자연스럽게 가라앉기를 기다려주세요. 시술 후 2일 정도는 위 사항을 신경 써주시고, 이후 5일차까지는 서서히 편안해질 거예요."
"더나클리닉","서울 서초구 서초대로77길 17 (BLOCK77)","약물·주사","더나부스터(포텐자 펌핑팁) 5cc 1회","복합 영양성분 피부 보습 부스터","https://dernaclinic.com/ko","37.500263","127.025797","5","2","피부 결과 탄력이 서서히 개선되는 시기라 오늘은 자극적인 각질제거나 스크럽 없이 순한 세안과 보습으로만 관리해주세요. 주삿바늘 자국 주변에 작은 붉은 기나 오돌토돌함이 있을 수 있는데 억지로 짜거나 만지지 말고 자연스럽게 가라앉기를 기다려주세요. 시술 후 2일 정도는 위 사항을 신경 써주시고, 이후 5일차까지는 서서히 편안해질 거예요."
"더나클리닉","서울 서초구 서초대로77길 17 (BLOCK77)","약물·주사","더나부스터(포텐자 펌핑팁) 5cc 3회","복합 영양성분 피부 보습 부스터","https://dernaclinic.com/ko","37.500263","127.025797","5","2","피부 결과 탄력이 서서히 개선되는 시기라 오늘은 자극적인 각질제거나 스크럽 없이 순한 세안과 보습으로만 관리해주세요. 주삿바늘 자국 주변에 작은 붉은 기나 오돌토돌함이 있을 수 있는데 억지로 짜거나 만지지 말고 자연스럽게 가라앉기를 기다려주세요. 시술 후 2일 정도는 위 사항을 신경 써주시고, 이후 5일차까지는 서서히 편안해질 거예요."
"더나클리닉","서울 서초구 서초대로77길 17 (BLOCK77)","약물·주사","더나부스터(하이쿡스) 5cc 1회","복합 영양성분 피부 보습 부스터","https://dernaclinic.com/ko","37.500263","127.025797","5","2","피부 결과 탄력이 서서히 개선되는 시기라 오늘은 자극적인 각질제거나 스크럽 없이 순한 세안과 보습으로만 관리해주세요. 주삿바늘 자국 주변에 작은 붉은 기나 오돌토돌함이 있을 수 있는데 억지로 짜거나 만지지 말고 자연스럽게 가라앉기를 기다려주세요. 시술 후 2일 정도는 위 사항을 신경 써주시고, 이후 5일차까지는 서서히 편안해질 거예요."
"더나클리닉","서울 서초구 서초대로77길 17 (BLOCK77)","약물·주사","더나부스터(하이쿡스) 5cc 3회","복합 영양성분 피부 보습 부스터","https://dernaclinic.com/ko","37.500263","127.025797","5","2","피부 결과 탄력이 서서히 개선되는 시기라 오늘은 자극적인 각질제거나 스크럽 없이 순한 세안과 보습으로만 관리해주세요. 주삿바늘 자국 주변에 작은 붉은 기나 오돌토돌함이 있을 수 있는데 억지로 짜거나 만지지 말고 자연스럽게 가라앉기를 기다려주세요. 시술 후 2일 정도는 위 사항을 신경 써주시고, 이후 5일차까지는 서서히 편안해질 거예요."
"더나클리닉","서울 서초구 서초대로77길 17 (BLOCK77)","약물·주사","레스틸렌 관자 필러 1cc","관자놀이 꺼짐 볼륨 보충","https://dernaclinic.com/ko","37.500263","127.025797","10","3","필러가 자리를 잡아가는 기간이라 레스틸렌 관자 필러 부위는 세게 누르거나 마사지하지 말고 부드럽게만 관리해주세요. 뜨거운 찜질, 사우나, 격한 운동처럼 붓기를 키울 수 있는 활동은 오늘은 쉬어가시고, 엎드려 자는 자세도 피해주세요. 시술 후 3일 정도는 위 사항을 신경 써주시고, 이후 10일차까지는 서서히 편안해질 거예요."
"더나클리닉","서울 서초구 서초대로77길 17 (BLOCK77)","약물·주사","레스틸렌 귀 디자인 필러 4cc","귀 볼륨 보충","https://dernaclinic.com/ko","37.500263","127.025797","10","3","필러가 자리를 잡아가는 기간이라 레스틸렌 귀 디자인 필러 부위는 세게 누르거나 마사지하지 말고 부드럽게만 관리해주세요. 뜨거운 찜질, 사우나, 격한 운동처럼 붓기를 키울 수 있는 활동은 오늘은 쉬어가시고, 엎드려 자는 자세도 피해주세요. 시술 후 3일 정도는 위 사항을 신경 써주시고, 이후 10일차까지는 서서히 편안해질 거예요."
"더나클리닉","서울 서초구 서초대로77길 17 (BLOCK77)","약물·주사","레스틸렌 눈밑 필러 1cc","눈밑 꺼짐 볼륨 보충","https://dernaclinic.com/ko","37.500263","127.025797","10","3","필러가 자리를 잡아가는 기간이라 레스틸렌 눈밑 필러 부위는 세게 누르거나 마사지하지 말고 부드럽게만 관리해주세요. 뜨거운 찜질, 사우나, 격한 운동처럼 붓기를 키울 수 있는 활동은 오늘은 쉬어가시고, 엎드려 자는 자세도 피해주세요. 시술 후 3일 정도는 위 사항을 신경 써주시고, 이후 10일차까지는 서서히 편안해질 거예요."
"더나클리닉","서울 서초구 서초대로77길 17 (BLOCK77)","약물·주사","레스틸렌 마리오네트 필러 1cc","입가 팔자주름(마리오네트 라인) 개선","https://dernaclinic.com/ko","37.500263","127.025797","10","3","필러가 자리를 잡아가는 기간이라 레스틸렌 마리오네트 필러 부위는 세게 누르거나 마사지하지 말고 부드럽게만 관리해주세요. 뜨거운 찜질, 사우나, 격한 운동처럼 붓기를 키울 수 있는 활동은 오늘은 쉬어가시고, 엎드려 자는 자세도 피해주세요. 시술 후 3일 정도는 위 사항을 신경 써주시고, 이후 10일차까지는 서서히 편안해질 거예요."
"더나클리닉","서울 서초구 서초대로77길 17 (BLOCK77)","약물·주사","레스틸렌 앞광대 필러 1cc","볼·광대 볼륨 보충","https://dernaclinic.com/ko","37.500263","127.025797","10","3","필러가 자리를 잡아가는 기간이라 레스틸렌 앞광대 필러 부위는 세게 누르거나 마사지하지 말고 부드럽게만 관리해주세요. 뜨거운 찜질, 사우나, 격한 운동처럼 붓기를 키울 수 있는 활동은 오늘은 쉬어가시고, 엎드려 자는 자세도 피해주세요. 시술 후 3일 정도는 위 사항을 신경 써주시고, 이후 10일차까지는 서서히 편안해질 거예요."
"더나클리닉","서울 서초구 서초대로77길 17 (BLOCK77)","약물·주사","레스틸렌 앞볼필러 1cc","볼·광대 볼륨 보충","https://dernaclinic.com/ko","37.500263","127.025797","10","3","필러가 자리를 잡아가는 기간이라 레스틸렌 앞볼필러 부위는 세게 누르거나 마사지하지 말고 부드럽게만 관리해주세요. 뜨거운 찜질, 사우나, 격한 운동처럼 붓기를 키울 수 있는 활동은 오늘은 쉬어가시고, 엎드려 자는 자세도 피해주세요. 시술 후 3일 정도는 위 사항을 신경 써주시고, 이후 10일차까지는 서서히 편안해질 거예요."
"더나클리닉","서울 서초구 서초대로77길 17 (BLOCK77)","약물·주사","레스틸렌 애교 필러 1cc","애교살 볼륨 형성","https://dernaclinic.com/ko","37.500263","127.025797","10","3","필러가 자리를 잡아가는 기간이라 레스틸렌 애교 필러 부위는 세게 누르거나 마사지하지 말고 부드럽게만 관리해주세요. 뜨거운 찜질, 사우나, 격한 운동처럼 붓기를 키울 수 있는 활동은 오늘은 쉬어가시고, 엎드려 자는 자세도 피해주세요. 시술 후 3일 정도는 위 사항을 신경 써주시고, 이후 10일차까지는 서서히 편안해질 거예요."
"더나클리닉","서울 서초구 서초대로77길 17 (BLOCK77)","약물·주사","레스틸렌 옆볼 필러 1cc","볼·광대 볼륨 보충","https://dernaclinic.com/ko","37.500263","127.025797","10","3","필러가 자리를 잡아가는 기간이라 레스틸렌 옆볼 필러 부위는 세게 누르거나 마사지하지 말고 부드럽게만 관리해주세요. 뜨거운 찜질, 사우나, 격한 운동처럼 붓기를 키울 수 있는 활동은 오늘은 쉬어가시고, 엎드려 자는 자세도 피해주세요. 시술 후 3일 정도는 위 사항을 신경 써주시고, 이후 10일차까지는 서서히 편안해질 거예요."
"더나클리닉","서울 서초구 서초대로77길 17 (BLOCK77)","약물·주사","레스틸렌 이마 필러 1cc","이마 볼륨 보충으로 매끈한 라인 형성","https://dernaclinic.com/ko","37.500263","127.025797","10","3","필러가 자리를 잡아가는 기간이라 레스틸렌 이마 필러 부위는 세게 누르거나 마사지하지 말고 부드럽게만 관리해주세요. 뜨거운 찜질, 사우나, 격한 운동처럼 붓기를 키울 수 있는 활동은 오늘은 쉬어가시고, 엎드려 자는 자세도 피해주세요. 시술 후 3일 정도는 위 사항을 신경 써주시고, 이후 10일차까지는 서서히 편안해질 거예요."
"더나클리닉","서울 서초구 서초대로77길 17 (BLOCK77)","약물·주사","레스틸렌 인디언주름 필러 1cc","미간~눈가 인디언주름 개선","https://dernaclinic.com/ko","37.500263","127.025797","10","3","필러가 자리를 잡아가는 기간이라 레스틸렌 인디언주름 필러 부위는 세게 누르거나 마사지하지 말고 부드럽게만 관리해주세요. 뜨거운 찜질, 사우나, 격한 운동처럼 붓기를 키울 수 있는 활동은 오늘은 쉬어가시고, 엎드려 자는 자세도 피해주세요. 시술 후 3일 정도는 위 사항을 신경 써주시고, 이후 10일차까지는 서서히 편안해질 거예요."
"더나클리닉","서울 서초구 서초대로77길 17 (BLOCK77)","약물·주사","레스틸렌 입술 디자인 필러 1cc","입술 볼륨 및 라인 디자인","https://dernaclinic.com/ko","37.500263","127.025797","10","3","필러가 자리를 잡아가는 기간이라 레스틸렌 입술 디자인 필러 부위는 세게 누르거나 마사지하지 말고 부드럽게만 관리해주세요. 뜨거운 찜질, 사우나, 격한 운동처럼 붓기를 키울 수 있는 활동은 오늘은 쉬어가시고, 엎드려 자는 자세도 피해주세요. 시술 후 3일 정도는 위 사항을 신경 써주시고, 이후 10일차까지는 서서히 편안해질 거예요."
"더나클리닉","서울 서초구 서초대로77길 17 (BLOCK77)","약물·주사","레스틸렌 코 디자인 필러 1cc","코 라인 정리 및 콧대 볼륨 형성","https://dernaclinic.com/ko","37.500263","127.025797","10","3","필러가 자리를 잡아가는 기간이라 레스틸렌 코 디자인 필러 부위는 세게 누르거나 마사지하지 말고 부드럽게만 관리해주세요. 뜨거운 찜질, 사우나, 격한 운동처럼 붓기를 키울 수 있는 활동은 오늘은 쉬어가시고, 엎드려 자는 자세도 피해주세요. 시술 후 3일 정도는 위 사항을 신경 써주시고, 이후 10일차까지는 서서히 편안해질 거예요."
"더나클리닉","서울 서초구 서초대로77길 17 (BLOCK77)","약물·주사","레스틸렌 턱 필러 1cc","턱 라인 볼륨 및 길이 보정","https://dernaclinic.com/ko","37.500263","127.025797","10","3","필러가 자리를 잡아가는 기간이라 레스틸렌 턱 필러 부위는 세게 누르거나 마사지하지 말고 부드럽게만 관리해주세요. 뜨거운 찜질, 사우나, 격한 운동처럼 붓기를 키울 수 있는 활동은 오늘은 쉬어가시고, 엎드려 자는 자세도 피해주세요. 시술 후 3일 정도는 위 사항을 신경 써주시고, 이후 10일차까지는 서서히 편안해질 거예요."
"더나클리닉","서울 서초구 서초대로77길 17 (BLOCK77)","약물·주사","레스틸렌 팔자 필러 1cc","팔자주름 개선","https://dernaclinic.com/ko","37.500263","127.025797","10","3","필러가 자리를 잡아가는 기간이라 레스틸렌 팔자 필러 부위는 세게 누르거나 마사지하지 말고 부드럽게만 관리해주세요. 뜨거운 찜질, 사우나, 격한 운동처럼 붓기를 키울 수 있는 활동은 오늘은 쉬어가시고, 엎드려 자는 자세도 피해주세요. 시술 후 3일 정도는 위 사항을 신경 써주시고, 이후 10일차까지는 서서히 편안해질 거예요."
"더나클리닉","서울 서초구 서초대로77길 17 (BLOCK77)","약물·주사","리쥬란 HB+ (손주사) 2cc 1회","PDRN 성분으로 피부 재생 및 탄력 개선","https://dernaclinic.com/ko","37.500263","127.025797","5","2","피부 결과 탄력이 서서히 개선되는 시기라 오늘은 자극적인 각질제거나 스크럽 없이 순한 세안과 보습으로만 관리해주세요. 주삿바늘 자국 주변에 작은 붉은 기나 오돌토돌함이 있을 수 있는데 억지로 짜거나 만지지 말고 자연스럽게 가라앉기를 기다려주세요. 시술 후 2일 정도는 위 사항을 신경 써주시고, 이후 5일차까지는 서서히 편안해질 거예요."
"더나클리닉","서울 서초구 서초대로77길 17 (BLOCK77)","약물·주사","리쥬란 HB+ (손주사) 2cc 3회","PDRN 성분으로 피부 재생 및 탄력 개선","https://dernaclinic.com/ko","37.500263","127.025797","5","2","피부 결과 탄력이 서서히 개선되는 시기라 오늘은 자극적인 각질제거나 스크럽 없이 순한 세안과 보습으로만 관리해주세요. 주삿바늘 자국 주변에 작은 붉은 기나 오돌토돌함이 있을 수 있는데 억지로 짜거나 만지지 말고 자연스럽게 가라앉기를 기다려주세요. 시술 후 2일 정도는 위 사항을 신경 써주시고, 이후 5일차까지는 서서히 편안해질 거예요."
"더나클리닉","서울 서초구 서초대로77길 17 (BLOCK77)","약물·주사","리쥬란 HB+ (손주사) 4cc 1회","PDRN 성분으로 피부 재생 및 탄력 개선","https://dernaclinic.com/ko","37.500263","127.025797","5","2","피부 결과 탄력이 서서히 개선되는 시기라 오늘은 자극적인 각질제거나 스크럽 없이 순한 세안과 보습으로만 관리해주세요. 주삿바늘 자국 주변에 작은 붉은 기나 오돌토돌함이 있을 수 있는데 억지로 짜거나 만지지 말고 자연스럽게 가라앉기를 기다려주세요. 시술 후 2일 정도는 위 사항을 신경 써주시고, 이후 5일차까지는 서서히 편안해질 거예요."
"더나클리닉","서울 서초구 서초대로77길 17 (BLOCK77)","약물·주사","리쥬란 HB+ (손주사) 4cc 3회","PDRN 성분으로 피부 재생 및 탄력 개선","https://dernaclinic.com/ko","37.500263","127.025797","5","2","피부 결과 탄력이 서서히 개선되는 시기라 오늘은 자극적인 각질제거나 스크럽 없이 순한 세안과 보습으로만 관리해주세요. 주삿바늘 자국 주변에 작은 붉은 기나 오돌토돌함이 있을 수 있는데 억지로 짜거나 만지지 말고 자연스럽게 가라앉기를 기다려주세요. 시술 후 2일 정도는 위 사항을 신경 써주시고, 이후 5일차까지는 서서히 편안해질 거예요."
"더나클리닉","서울 서초구 서초대로77길 17 (BLOCK77)","약물·주사","리쥬란 HB+ (포텐자 펌핑팁) 2cc 1회","PDRN 성분으로 피부 재생 및 탄력 개선","https://dernaclinic.com/ko","37.500263","127.025797","5","2","피부 결과 탄력이 서서히 개선되는 시기라 오늘은 자극적인 각질제거나 스크럽 없이 순한 세안과 보습으로만 관리해주세요. 주삿바늘 자국 주변에 작은 붉은 기나 오돌토돌함이 있을 수 있는데 억지로 짜거나 만지지 말고 자연스럽게 가라앉기를 기다려주세요. 시술 후 2일 정도는 위 사항을 신경 써주시고, 이후 5일차까지는 서서히 편안해질 거예요."
"더나클리닉","서울 서초구 서초대로77길 17 (BLOCK77)","약물·주사","리쥬란 HB+ (포텐자 펌핑팁) 2cc 3회","PDRN 성분으로 피부 재생 및 탄력 개선","https://dernaclinic.com/ko","37.500263","127.025797","5","2","피부 결과 탄력이 서서히 개선되는 시기라 오늘은 자극적인 각질제거나 스크럽 없이 순한 세안과 보습으로만 관리해주세요. 주삿바늘 자국 주변에 작은 붉은 기나 오돌토돌함이 있을 수 있는데 억지로 짜거나 만지지 말고 자연스럽게 가라앉기를 기다려주세요. 시술 후 2일 정도는 위 사항을 신경 써주시고, 이후 5일차까지는 서서히 편안해질 거예요."
"더나클리닉","서울 서초구 서초대로77길 17 (BLOCK77)","약물·주사","리쥬란 HB+ (포텐자 펌핑팁) 4cc 1회","PDRN 성분으로 피부 재생 및 탄력 개선","https://dernaclinic.com/ko","37.500263","127.025797","5","2","피부 결과 탄력이 서서히 개선되는 시기라 오늘은 자극적인 각질제거나 스크럽 없이 순한 세안과 보습으로만 관리해주세요. 주삿바늘 자국 주변에 작은 붉은 기나 오돌토돌함이 있을 수 있는데 억지로 짜거나 만지지 말고 자연스럽게 가라앉기를 기다려주세요. 시술 후 2일 정도는 위 사항을 신경 써주시고, 이후 5일차까지는 서서히 편안해질 거예요."
"더나클리닉","서울 서초구 서초대로77길 17 (BLOCK77)","약물·주사","리쥬란 HB+ (포텐자 펌핑팁) 4cc 3회","PDRN 성분으로 피부 재생 및 탄력 개선","https://dernaclinic.com/ko","37.500263","127.025797","5","2","피부 결과 탄력이 서서히 개선되는 시기라 오늘은 자극적인 각질제거나 스크럽 없이 순한 세안과 보습으로만 관리해주세요. 주삿바늘 자국 주변에 작은 붉은 기나 오돌토돌함이 있을 수 있는데 억지로 짜거나 만지지 말고 자연스럽게 가라앉기를 기다려주세요. 시술 후 2일 정도는 위 사항을 신경 써주시고, 이후 5일차까지는 서서히 편안해질 거예요."
"더나클리닉","서울 서초구 서초대로77길 17 (BLOCK77)","약물·주사","리쥬란 HB+ (하이쿡스) 2cc 1회","PDRN 성분으로 피부 재생 및 탄력 개선","https://dernaclinic.com/ko","37.500263","127.025797","5","2","피부 결과 탄력이 서서히 개선되는 시기라 오늘은 자극적인 각질제거나 스크럽 없이 순한 세안과 보습으로만 관리해주세요. 주삿바늘 자국 주변에 작은 붉은 기나 오돌토돌함이 있을 수 있는데 억지로 짜거나 만지지 말고 자연스럽게 가라앉기를 기다려주세요. 시술 후 2일 정도는 위 사항을 신경 써주시고, 이후 5일차까지는 서서히 편안해질 거예요."
"더나클리닉","서울 서초구 서초대로77길 17 (BLOCK77)","약물·주사","리쥬란 HB+ (하이쿡스) 2cc 3회","PDRN 성분으로 피부 재생 및 탄력 개선","https://dernaclinic.com/ko","37.500263","127.025797","5","2","피부 결과 탄력이 서서히 개선되는 시기라 오늘은 자극적인 각질제거나 스크럽 없이 순한 세안과 보습으로만 관리해주세요. 주삿바늘 자국 주변에 작은 붉은 기나 오돌토돌함이 있을 수 있는데 억지로 짜거나 만지지 말고 자연스럽게 가라앉기를 기다려주세요. 시술 후 2일 정도는 위 사항을 신경 써주시고, 이후 5일차까지는 서서히 편안해질 거예요."
"더나클리닉","서울 서초구 서초대로77길 17 (BLOCK77)","약물·주사","리쥬란 HB+ (하이쿡스) 4cc 1회","PDRN 성분으로 피부 재생 및 탄력 개선","https://dernaclinic.com/ko","37.500263","127.025797","5","2","피부 결과 탄력이 서서히 개선되는 시기라 오늘은 자극적인 각질제거나 스크럽 없이 순한 세안과 보습으로만 관리해주세요. 주삿바늘 자국 주변에 작은 붉은 기나 오돌토돌함이 있을 수 있는데 억지로 짜거나 만지지 말고 자연스럽게 가라앉기를 기다려주세요. 시술 후 2일 정도는 위 사항을 신경 써주시고, 이후 5일차까지는 서서히 편안해질 거예요."
"더나클리닉","서울 서초구 서초대로77길 17 (BLOCK77)","약물·주사","리쥬란 HB+ (하이쿡스) 4cc 3회","PDRN 성분으로 피부 재생 및 탄력 개선","https://dernaclinic.com/ko","37.500263","127.025797","5","2","피부 결과 탄력이 서서히 개선되는 시기라 오늘은 자극적인 각질제거나 스크럽 없이 순한 세안과 보습으로만 관리해주세요. 주삿바늘 자국 주변에 작은 붉은 기나 오돌토돌함이 있을 수 있는데 억지로 짜거나 만지지 말고 자연스럽게 가라앉기를 기다려주세요. 시술 후 2일 정도는 위 사항을 신경 써주시고, 이후 5일차까지는 서서히 편안해질 거예요."
"더나클리닉","서울 서초구 서초대로77길 17 (BLOCK77)","약물·주사","리쥬란 아이(손주사) 1cc","PDRN 성분으로 피부 재생 및 탄력 개선","https://dernaclinic.com/ko","37.500263","127.025797","5","2","피부 결과 탄력이 서서히 개선되는 시기라 오늘은 자극적인 각질제거나 스크럽 없이 순한 세안과 보습으로만 관리해주세요. 주삿바늘 자국 주변에 작은 붉은 기나 오돌토돌함이 있을 수 있는데 억지로 짜거나 만지지 말고 자연스럽게 가라앉기를 기다려주세요. 시술 후 2일 정도는 위 사항을 신경 써주시고, 이후 5일차까지는 서서히 편안해질 거예요."
"더나클리닉","서울 서초구 서초대로77길 17 (BLOCK77)","약물·주사","리쥬란 아이(손주사) 2cc","PDRN 성분으로 피부 재생 및 탄력 개선","https://dernaclinic.com/ko","37.500263","127.025797","5","2","피부 결과 탄력이 서서히 개선되는 시기라 오늘은 자극적인 각질제거나 스크럽 없이 순한 세안과 보습으로만 관리해주세요. 주삿바늘 자국 주변에 작은 붉은 기나 오돌토돌함이 있을 수 있는데 억지로 짜거나 만지지 말고 자연스럽게 가라앉기를 기다려주세요. 시술 후 2일 정도는 위 사항을 신경 써주시고, 이후 5일차까지는 서서히 편안해질 거예요."
"더나클리닉","서울 서초구 서초대로77길 17 (BLOCK77)","약물·주사","리쥬란 힐러(손주사) 2cc 1회","PDRN 성분으로 피부 재생 및 탄력 개선","https://dernaclinic.com/ko","37.500263","127.025797","5","2","피부 결과 탄력이 서서히 개선되는 시기라 오늘은 자극적인 각질제거나 스크럽 없이 순한 세안과 보습으로만 관리해주세요. 주삿바늘 자국 주변에 작은 붉은 기나 오돌토돌함이 있을 수 있는데 억지로 짜거나 만지지 말고 자연스럽게 가라앉기를 기다려주세요. 시술 후 2일 정도는 위 사항을 신경 써주시고, 이후 5일차까지는 서서히 편안해질 거예요."
"더나클리닉","서울 서초구 서초대로77길 17 (BLOCK77)","약물·주사","리쥬란 힐러(손주사) 2cc 3회","PDRN 성분으로 피부 재생 및 탄력 개선","https://dernaclinic.com/ko","37.500263","127.025797","5","2","피부 결과 탄력이 서서히 개선되는 시기라 오늘은 자극적인 각질제거나 스크럽 없이 순한 세안과 보습으로만 관리해주세요. 주삿바늘 자국 주변에 작은 붉은 기나 오돌토돌함이 있을 수 있는데 억지로 짜거나 만지지 말고 자연스럽게 가라앉기를 기다려주세요. 시술 후 2일 정도는 위 사항을 신경 써주시고, 이후 5일차까지는 서서히 편안해질 거예요."
"더나클리닉","서울 서초구 서초대로77길 17 (BLOCK77)","약물·주사","리쥬란 힐러(손주사) 4cc 1회","PDRN 성분으로 피부 재생 및 탄력 개선","https://dernaclinic.com/ko","37.500263","127.025797","5","2","피부 결과 탄력이 서서히 개선되는 시기라 오늘은 자극적인 각질제거나 스크럽 없이 순한 세안과 보습으로만 관리해주세요. 주삿바늘 자국 주변에 작은 붉은 기나 오돌토돌함이 있을 수 있는데 억지로 짜거나 만지지 말고 자연스럽게 가라앉기를 기다려주세요. 시술 후 2일 정도는 위 사항을 신경 써주시고, 이후 5일차까지는 서서히 편안해질 거예요."
"더나클리닉","서울 서초구 서초대로77길 17 (BLOCK77)","약물·주사","리쥬란 힐러(손주사) 4cc 3회","PDRN 성분으로 피부 재생 및 탄력 개선","https://dernaclinic.com/ko","37.500263","127.025797","5","2","피부 결과 탄력이 서서히 개선되는 시기라 오늘은 자극적인 각질제거나 스크럽 없이 순한 세안과 보습으로만 관리해주세요. 주삿바늘 자국 주변에 작은 붉은 기나 오돌토돌함이 있을 수 있는데 억지로 짜거나 만지지 말고 자연스럽게 가라앉기를 기다려주세요. 시술 후 2일 정도는 위 사항을 신경 써주시고, 이후 5일차까지는 서서히 편안해질 거예요."
"더나클리닉","서울 서초구 서초대로77길 17 (BLOCK77)","약물·주사","리쥬란 힐러(포텐자 펌핑팁) 2cc 1회","PDRN 성분으로 피부 재생 및 탄력 개선","https://dernaclinic.com/ko","37.500263","127.025797","5","2","피부 결과 탄력이 서서히 개선되는 시기라 오늘은 자극적인 각질제거나 스크럽 없이 순한 세안과 보습으로만 관리해주세요. 주삿바늘 자국 주변에 작은 붉은 기나 오돌토돌함이 있을 수 있는데 억지로 짜거나 만지지 말고 자연스럽게 가라앉기를 기다려주세요. 시술 후 2일 정도는 위 사항을 신경 써주시고, 이후 5일차까지는 서서히 편안해질 거예요."
"더나클리닉","서울 서초구 서초대로77길 17 (BLOCK77)","약물·주사","리쥬란 힐러(포텐자 펌핑팁) 2cc 3회","PDRN 성분으로 피부 재생 및 탄력 개선","https://dernaclinic.com/ko","37.500263","127.025797","5","2","피부 결과 탄력이 서서히 개선되는 시기라 오늘은 자극적인 각질제거나 스크럽 없이 순한 세안과 보습으로만 관리해주세요. 주삿바늘 자국 주변에 작은 붉은 기나 오돌토돌함이 있을 수 있는데 억지로 짜거나 만지지 말고 자연스럽게 가라앉기를 기다려주세요. 시술 후 2일 정도는 위 사항을 신경 써주시고, 이후 5일차까지는 서서히 편안해질 거예요."
"더나클리닉","서울 서초구 서초대로77길 17 (BLOCK77)","약물·주사","리쥬란 힐러(포텐자 펌핑팁) 4cc 1회","PDRN 성분으로 피부 재생 및 탄력 개선","https://dernaclinic.com/ko","37.500263","127.025797","5","2","피부 결과 탄력이 서서히 개선되는 시기라 오늘은 자극적인 각질제거나 스크럽 없이 순한 세안과 보습으로만 관리해주세요. 주삿바늘 자국 주변에 작은 붉은 기나 오돌토돌함이 있을 수 있는데 억지로 짜거나 만지지 말고 자연스럽게 가라앉기를 기다려주세요. 시술 후 2일 정도는 위 사항을 신경 써주시고, 이후 5일차까지는 서서히 편안해질 거예요."
"더나클리닉","서울 서초구 서초대로77길 17 (BLOCK77)","약물·주사","리쥬란 힐러(포텐자 펌핑팁) 4cc 3회","PDRN 성분으로 피부 재생 및 탄력 개선","https://dernaclinic.com/ko","37.500263","127.025797","5","2","피부 결과 탄력이 서서히 개선되는 시기라 오늘은 자극적인 각질제거나 스크럽 없이 순한 세안과 보습으로만 관리해주세요. 주삿바늘 자국 주변에 작은 붉은 기나 오돌토돌함이 있을 수 있는데 억지로 짜거나 만지지 말고 자연스럽게 가라앉기를 기다려주세요. 시술 후 2일 정도는 위 사항을 신경 써주시고, 이후 5일차까지는 서서히 편안해질 거예요."
"더나클리닉","서울 서초구 서초대로77길 17 (BLOCK77)","약물·주사","리쥬란 힐러(하이쿡스) 2cc 1회","PDRN 성분으로 피부 재생 및 탄력 개선","https://dernaclinic.com/ko","37.500263","127.025797","5","2","피부 결과 탄력이 서서히 개선되는 시기라 오늘은 자극적인 각질제거나 스크럽 없이 순한 세안과 보습으로만 관리해주세요. 주삿바늘 자국 주변에 작은 붉은 기나 오돌토돌함이 있을 수 있는데 억지로 짜거나 만지지 말고 자연스럽게 가라앉기를 기다려주세요. 시술 후 2일 정도는 위 사항을 신경 써주시고, 이후 5일차까지는 서서히 편안해질 거예요."
"더나클리닉","서울 서초구 서초대로77길 17 (BLOCK77)","약물·주사","리쥬란 힐러(하이쿡스) 2cc 3회","PDRN 성분으로 피부 재생 및 탄력 개선","https://dernaclinic.com/ko","37.500263","127.025797","5","2","피부 결과 탄력이 서서히 개선되는 시기라 오늘은 자극적인 각질제거나 스크럽 없이 순한 세안과 보습으로만 관리해주세요. 주삿바늘 자국 주변에 작은 붉은 기나 오돌토돌함이 있을 수 있는데 억지로 짜거나 만지지 말고 자연스럽게 가라앉기를 기다려주세요. 시술 후 2일 정도는 위 사항을 신경 써주시고, 이후 5일차까지는 서서히 편안해질 거예요."
"더나클리닉","서울 서초구 서초대로77길 17 (BLOCK77)","약물·주사","리쥬란 힐러(하이쿡스) 4cc 1회","PDRN 성분으로 피부 재생 및 탄력 개선","https://dernaclinic.com/ko","37.500263","127.025797","5","2","피부 결과 탄력이 서서히 개선되는 시기라 오늘은 자극적인 각질제거나 스크럽 없이 순한 세안과 보습으로만 관리해주세요. 주삿바늘 자국 주변에 작은 붉은 기나 오돌토돌함이 있을 수 있는데 억지로 짜거나 만지지 말고 자연스럽게 가라앉기를 기다려주세요. 시술 후 2일 정도는 위 사항을 신경 써주시고, 이후 5일차까지는 서서히 편안해질 거예요."
"더나클리닉","서울 서초구 서초대로77길 17 (BLOCK77)","약물·주사","리쥬란 힐러(하이쿡스) 4cc 3회","PDRN 성분으로 피부 재생 및 탄력 개선","https://dernaclinic.com/ko","37.500263","127.025797","5","2","피부 결과 탄력이 서서히 개선되는 시기라 오늘은 자극적인 각질제거나 스크럽 없이 순한 세안과 보습으로만 관리해주세요. 주삿바늘 자국 주변에 작은 붉은 기나 오돌토돌함이 있을 수 있는데 억지로 짜거나 만지지 말고 자연스럽게 가라앉기를 기다려주세요. 시술 후 2일 정도는 위 사항을 신경 써주시고, 이후 5일차까지는 서서히 편안해질 거예요."
"더나클리닉","서울 서초구 서초대로77길 17 (BLOCK77)","약물·주사","리투오 5cc 1회","피부 톤 개선 스킨부스터","https://dernaclinic.com/ko","37.500263","127.025797","5","2","피부 결과 탄력이 서서히 개선되는 시기라 오늘은 자극적인 각질제거나 스크럽 없이 순한 세안과 보습으로만 관리해주세요. 주삿바늘 자국 주변에 작은 붉은 기나 오돌토돌함이 있을 수 있는데 억지로 짜거나 만지지 말고 자연스럽게 가라앉기를 기다려주세요. 시술 후 2일 정도는 위 사항을 신경 써주시고, 이후 5일차까지는 서서히 편안해질 거예요."
"더나클리닉","서울 서초구 서초대로77길 17 (BLOCK77)","약물·주사","리투오 5cc 3회","피부 톤 개선 스킨부스터","https://dernaclinic.com/ko","37.500263","127.025797","5","2","피부 결과 탄력이 서서히 개선되는 시기라 오늘은 자극적인 각질제거나 스크럽 없이 순한 세안과 보습으로만 관리해주세요. 주삿바늘 자국 주변에 작은 붉은 기나 오돌토돌함이 있을 수 있는데 억지로 짜거나 만지지 말고 자연스럽게 가라앉기를 기다려주세요. 시술 후 2일 정도는 위 사항을 신경 써주시고, 이후 5일차까지는 서서히 편안해질 거예요."
"더나클리닉","서울 서초구 서초대로77길 17 (BLOCK77)","약물·주사","물광톡신 4cc 1회","보톡스+히알루론산으로 물광 피부 표현","https://dernaclinic.com/ko","37.500263","127.025797","5","2","피부 결과 탄력이 서서히 개선되는 시기라 오늘은 자극적인 각질제거나 스크럽 없이 순한 세안과 보습으로만 관리해주세요. 주삿바늘 자국 주변에 작은 붉은 기나 오돌토돌함이 있을 수 있는데 억지로 짜거나 만지지 말고 자연스럽게 가라앉기를 기다려주세요. 시술 후 2일 정도는 위 사항을 신경 써주시고, 이후 5일차까지는 서서히 편안해질 거예요."
"더나클리닉","서울 서초구 서초대로77길 17 (BLOCK77)","약물·주사","물광톡신 4cc 3회","보톡스+히알루론산으로 물광 피부 표현","https://dernaclinic.com/ko","37.500263","127.025797","5","2","피부 결과 탄력이 서서히 개선되는 시기라 오늘은 자극적인 각질제거나 스크럽 없이 순한 세안과 보습으로만 관리해주세요. 주삿바늘 자국 주변에 작은 붉은 기나 오돌토돌함이 있을 수 있는데 억지로 짜거나 만지지 말고 자연스럽게 가라앉기를 기다려주세요. 시술 후 2일 정도는 위 사항을 신경 써주시고, 이후 5일차까지는 서서히 편안해질 거예요."
"더나클리닉","서울 서초구 서초대로77길 17 (BLOCK77)","약물·주사","물톡스 1회","보톡스+히알루론산으로 물광 피부 표현","https://dernaclinic.com/ko","37.500263","127.025797","5","2","피부 결과 탄력이 서서히 개선되는 시기라 오늘은 자극적인 각질제거나 스크럽 없이 순한 세안과 보습으로만 관리해주세요. 주삿바늘 자국 주변에 작은 붉은 기나 오돌토돌함이 있을 수 있는데 억지로 짜거나 만지지 말고 자연스럽게 가라앉기를 기다려주세요. 시술 후 2일 정도는 위 사항을 신경 써주시고, 이후 5일차까지는 서서히 편안해질 거예요."
"더나클리닉","서울 서초구 서초대로77길 17 (BLOCK77)","약물·주사","바디 브이올렛 3병 1회","얼굴·바디 윤곽 개선 볼륨 주사","https://dernaclinic.com/ko","37.500263","127.025797","5","2","볼륨이 자리 잡는 초기라 시술 부위가 붓거나 단단하게 느껴질 수 있어요, 오늘은 마사지나 압박 없이 편하게 두세요. 무리한 운동이나 사우나는 잠시 미루고 충분한 수분 섭취로 회복을 도와주세요. 시술 후 2일 정도는 위 사항을 신경 써주시고, 이후 5일차까지는 서서히 편안해질 거예요."
"더나클리닉","서울 서초구 서초대로77길 17 (BLOCK77)","약물·주사","바디 브이올렛 6병 1회","얼굴·바디 윤곽 개선 볼륨 주사","https://dernaclinic.com/ko","37.500263","127.025797","5","2","볼륨이 자리 잡는 초기라 시술 부위가 붓거나 단단하게 느껴질 수 있어요, 오늘은 마사지나 압박 없이 편하게 두세요. 무리한 운동이나 사우나는 잠시 미루고 충분한 수분 섭취로 회복을 도와주세요. 시술 후 2일 정도는 위 사항을 신경 써주시고, 이후 5일차까지는 서서히 편안해질 거예요."
"더나클리닉","서울 서초구 서초대로77길 17 (BLOCK77)","약물·주사","바디 조각 주사 100cc","지방분해 성분으로 라인 정리","https://dernaclinic.com/ko","37.500263","127.025797","5","2","지방 분해가 진행되며 붓기나 뭉침이 느껴질 수 있는 시기예요, 시술 부위를 세게 마사지하지 말고 물을 충분히 마셔 순환을 도와주세요. 음주와 자극적인 음식, 장시간 사우나는 오늘 하루 피해주시는 게 좋아요. 시술 후 2일 정도는 위 사항을 신경 써주시고, 이후 5일차까지는 서서히 편안해질 거예요."
"더나클리닉","서울 서초구 서초대로77길 17 (BLOCK77)","약물·주사","바디 조각 주사 10cc","지방분해 성분으로 라인 정리","https://dernaclinic.com/ko","37.500263","127.025797","5","2","지방 분해가 진행되며 붓기나 뭉침이 느껴질 수 있는 시기예요, 시술 부위를 세게 마사지하지 말고 물을 충분히 마셔 순환을 도와주세요. 음주와 자극적인 음식, 장시간 사우나는 오늘 하루 피해주시는 게 좋아요. 시술 후 2일 정도는 위 사항을 신경 써주시고, 이후 5일차까지는 서서히 편안해질 거예요."
"더나클리닉","서울 서초구 서초대로77길 17 (BLOCK77)","약물·주사","바디 조각 주사 200cc","지방분해 성분으로 라인 정리","https://dernaclinic.com/ko","37.500263","127.025797","5","2","지방 분해가 진행되며 붓기나 뭉침이 느껴질 수 있는 시기예요, 시술 부위를 세게 마사지하지 말고 물을 충분히 마셔 순환을 도와주세요. 음주와 자극적인 음식, 장시간 사우나는 오늘 하루 피해주시는 게 좋아요. 시술 후 2일 정도는 위 사항을 신경 써주시고, 이후 5일차까지는 서서히 편안해질 거예요."
"더나클리닉","서울 서초구 서초대로77길 17 (BLOCK77)","약물·주사","바디 조각 주사 20cc","지방분해 성분으로 라인 정리","https://dernaclinic.com/ko","37.500263","127.025797","5","2","지방 분해가 진행되며 붓기나 뭉침이 느껴질 수 있는 시기예요, 시술 부위를 세게 마사지하지 말고 물을 충분히 마셔 순환을 도와주세요. 음주와 자극적인 음식, 장시간 사우나는 오늘 하루 피해주시는 게 좋아요. 시술 후 2일 정도는 위 사항을 신경 써주시고, 이후 5일차까지는 서서히 편안해질 거예요."
"더나클리닉","서울 서초구 서초대로77길 17 (BLOCK77)","약물·주사","백옥주사 1회","미백 영양 주사","https://dernaclinic.com/ko","37.500263","127.025797","1","0","오늘은 충분한 수분과 휴식으로 컨디션을 채워주는 게 가장 중요해요. 주사를 맞은 부위에 멍이나 약간의 뻐근함이 있을 수 있으니 무리한 팔 운동은 잠시 피해주세요. 오늘 하루만 신경 써서 관리하면 내일부터는 평소처럼 지내도 괜찮아요."
"더나클리닉","서울 서초구 서초대로77길 17 (BLOCK77)","약물·주사","벨로테로 관자 필러 1cc","관자놀이 꺼짐 볼륨 보충","https://dernaclinic.com/ko","37.500263","127.025797","10","3","필러가 자리를 잡아가는 기간이라 벨로테로 관자 필러 부위는 세게 누르거나 마사지하지 말고 부드럽게만 관리해주세요. 뜨거운 찜질, 사우나, 격한 운동처럼 붓기를 키울 수 있는 활동은 오늘은 쉬어가시고, 엎드려 자는 자세도 피해주세요. 시술 후 3일 정도는 위 사항을 신경 써주시고, 이후 10일차까지는 서서히 편안해질 거예요."
"더나클리닉","서울 서초구 서초대로77길 17 (BLOCK77)","약물·주사","벨로테로 눈밑 필러 1cc","눈밑 꺼짐 볼륨 보충","https://dernaclinic.com/ko","37.500263","127.025797","10","3","필러가 자리를 잡아가는 기간이라 벨로테로 눈밑 필러 부위는 세게 누르거나 마사지하지 말고 부드럽게만 관리해주세요. 뜨거운 찜질, 사우나, 격한 운동처럼 붓기를 키울 수 있는 활동은 오늘은 쉬어가시고, 엎드려 자는 자세도 피해주세요. 시술 후 3일 정도는 위 사항을 신경 써주시고, 이후 10일차까지는 서서히 편안해질 거예요."
"더나클리닉","서울 서초구 서초대로77길 17 (BLOCK77)","약물·주사","벨로테로 리바이브 1cc","피부 탄력 개선 스킨부스터","https://dernaclinic.com/ko","37.500263","127.025797","5","2","피부 결과 탄력이 서서히 개선되는 시기라 오늘은 자극적인 각질제거나 스크럽 없이 순한 세안과 보습으로만 관리해주세요. 주삿바늘 자국 주변에 작은 붉은 기나 오돌토돌함이 있을 수 있는데 억지로 짜거나 만지지 말고 자연스럽게 가라앉기를 기다려주세요. 시술 후 2일 정도는 위 사항을 신경 써주시고, 이후 5일차까지는 서서히 편안해질 거예요."
"더나클리닉","서울 서초구 서초대로77길 17 (BLOCK77)","약물·주사","벨로테로 리바이브 2cc","피부 탄력 개선 스킨부스터","https://dernaclinic.com/ko","37.500263","127.025797","5","2","피부 결과 탄력이 서서히 개선되는 시기라 오늘은 자극적인 각질제거나 스크럽 없이 순한 세안과 보습으로만 관리해주세요. 주삿바늘 자국 주변에 작은 붉은 기나 오돌토돌함이 있을 수 있는데 억지로 짜거나 만지지 말고 자연스럽게 가라앉기를 기다려주세요. 시술 후 2일 정도는 위 사항을 신경 써주시고, 이후 5일차까지는 서서히 편안해질 거예요."
"더나클리닉","서울 서초구 서초대로77길 17 (BLOCK77)","약물·주사","벨로테로 리바이브 3cc","피부 탄력 개선 스킨부스터","https://dernaclinic.com/ko","37.500263","127.025797","5","2","피부 결과 탄력이 서서히 개선되는 시기라 오늘은 자극적인 각질제거나 스크럽 없이 순한 세안과 보습으로만 관리해주세요. 주삿바늘 자국 주변에 작은 붉은 기나 오돌토돌함이 있을 수 있는데 억지로 짜거나 만지지 말고 자연스럽게 가라앉기를 기다려주세요. 시술 후 2일 정도는 위 사항을 신경 써주시고, 이후 5일차까지는 서서히 편안해질 거예요."
"더나클리닉","서울 서초구 서초대로77길 17 (BLOCK77)","약물·주사","벨로테로 마리오네트 필러 1cc","입가 팔자주름(마리오네트 라인) 개선","https://dernaclinic.com/ko","37.500263","127.025797","10","3","필러가 자리를 잡아가는 기간이라 벨로테로 마리오네트 필러 부위는 세게 누르거나 마사지하지 말고 부드럽게만 관리해주세요. 뜨거운 찜질, 사우나, 격한 운동처럼 붓기를 키울 수 있는 활동은 오늘은 쉬어가시고, 엎드려 자는 자세도 피해주세요. 시술 후 3일 정도는 위 사항을 신경 써주시고, 이후 10일차까지는 서서히 편안해질 거예요."
"더나클리닉","서울 서초구 서초대로77길 17 (BLOCK77)","약물·주사","벨로테로 목주름 필러 1cc","목주름 개선","https://dernaclinic.com/ko","37.500263","127.025797","10","3","필러가 자리를 잡아가는 기간이라 벨로테로 목주름 필러 부위는 세게 누르거나 마사지하지 말고 부드럽게만 관리해주세요. 뜨거운 찜질, 사우나, 격한 운동처럼 붓기를 키울 수 있는 활동은 오늘은 쉬어가시고, 엎드려 자는 자세도 피해주세요. 시술 후 3일 정도는 위 사항을 신경 써주시고, 이후 10일차까지는 서서히 편안해질 거예요."
"더나클리닉","서울 서초구 서초대로77길 17 (BLOCK77)","약물·주사","벨로테로 앞광대 필러 1cc","볼·광대 볼륨 보충","https://dernaclinic.com/ko","37.500263","127.025797","10","3","필러가 자리를 잡아가는 기간이라 벨로테로 앞광대 필러 부위는 세게 누르거나 마사지하지 말고 부드럽게만 관리해주세요. 뜨거운 찜질, 사우나, 격한 운동처럼 붓기를 키울 수 있는 활동은 오늘은 쉬어가시고, 엎드려 자는 자세도 피해주세요. 시술 후 3일 정도는 위 사항을 신경 써주시고, 이후 10일차까지는 서서히 편안해질 거예요."
"더나클리닉","서울 서초구 서초대로77길 17 (BLOCK77)","약물·주사","벨로테로 앞볼필러 1cc","볼·광대 볼륨 보충","https://dernaclinic.com/ko","37.500263","127.025797","10","3","필러가 자리를 잡아가는 기간이라 벨로테로 앞볼필러 부위는 세게 누르거나 마사지하지 말고 부드럽게만 관리해주세요. 뜨거운 찜질, 사우나, 격한 운동처럼 붓기를 키울 수 있는 활동은 오늘은 쉬어가시고, 엎드려 자는 자세도 피해주세요. 시술 후 3일 정도는 위 사항을 신경 써주시고, 이후 10일차까지는 서서히 편안해질 거예요."
"더나클리닉","서울 서초구 서초대로77길 17 (BLOCK77)","약물·주사","벨로테로 애교 필러 1cc","애교살 볼륨 형성","https://dernaclinic.com/ko","37.500263","127.025797","10","3","필러가 자리를 잡아가는 기간이라 벨로테로 애교 필러 부위는 세게 누르거나 마사지하지 말고 부드럽게만 관리해주세요. 뜨거운 찜질, 사우나, 격한 운동처럼 붓기를 키울 수 있는 활동은 오늘은 쉬어가시고, 엎드려 자는 자세도 피해주세요. 시술 후 3일 정도는 위 사항을 신경 써주시고, 이후 10일차까지는 서서히 편안해질 거예요."
"더나클리닉","서울 서초구 서초대로77길 17 (BLOCK77)","약물·주사","벨로테로 옆볼 필러 1cc","볼·광대 볼륨 보충","https://dernaclinic.com/ko","37.500263","127.025797","10","3","필러가 자리를 잡아가는 기간이라 벨로테로 옆볼 필러 부위는 세게 누르거나 마사지하지 말고 부드럽게만 관리해주세요. 뜨거운 찜질, 사우나, 격한 운동처럼 붓기를 키울 수 있는 활동은 오늘은 쉬어가시고, 엎드려 자는 자세도 피해주세요. 시술 후 3일 정도는 위 사항을 신경 써주시고, 이후 10일차까지는 서서히 편안해질 거예요."
"더나클리닉","서울 서초구 서초대로77길 17 (BLOCK77)","약물·주사","벨로테로 이마 필러 1cc","이마 볼륨 보충으로 매끈한 라인 형성","https://dernaclinic.com/ko","37.500263","127.025797","10","3","필러가 자리를 잡아가는 기간이라 벨로테로 이마 필러 부위는 세게 누르거나 마사지하지 말고 부드럽게만 관리해주세요. 뜨거운 찜질, 사우나, 격한 운동처럼 붓기를 키울 수 있는 활동은 오늘은 쉬어가시고, 엎드려 자는 자세도 피해주세요. 시술 후 3일 정도는 위 사항을 신경 써주시고, 이후 10일차까지는 서서히 편안해질 거예요."
"더나클리닉","서울 서초구 서초대로77길 17 (BLOCK77)","약물·주사","벨로테로 인디언주름 필러 1cc","미간~눈가 인디언주름 개선","https://dernaclinic.com/ko","37.500263","127.025797","10","3","필러가 자리를 잡아가는 기간이라 벨로테로 인디언주름 필러 부위는 세게 누르거나 마사지하지 말고 부드럽게만 관리해주세요. 뜨거운 찜질, 사우나, 격한 운동처럼 붓기를 키울 수 있는 활동은 오늘은 쉬어가시고, 엎드려 자는 자세도 피해주세요. 시술 후 3일 정도는 위 사항을 신경 써주시고, 이후 10일차까지는 서서히 편안해질 거예요."
"더나클리닉","서울 서초구 서초대로77길 17 (BLOCK77)","약물·주사","벨로테로 코 디자인 필러 1cc","코 라인 정리 및 콧대 볼륨 형성","https://dernaclinic.com/ko","37.500263","127.025797","10","3","필러가 자리를 잡아가는 기간이라 벨로테로 코 디자인 필러 부위는 세게 누르거나 마사지하지 말고 부드럽게만 관리해주세요. 뜨거운 찜질, 사우나, 격한 운동처럼 붓기를 키울 수 있는 활동은 오늘은 쉬어가시고, 엎드려 자는 자세도 피해주세요. 시술 후 3일 정도는 위 사항을 신경 써주시고, 이후 10일차까지는 서서히 편안해질 거예요."
"더나클리닉","서울 서초구 서초대로77길 17 (BLOCK77)","약물·주사","벨로테로 턱 필러 1cc","턱 라인 볼륨 및 길이 보정","https://dernaclinic.com/ko","37.500263","127.025797","10","3","필러가 자리를 잡아가는 기간이라 벨로테로 턱 필러 부위는 세게 누르거나 마사지하지 말고 부드럽게만 관리해주세요. 뜨거운 찜질, 사우나, 격한 운동처럼 붓기를 키울 수 있는 활동은 오늘은 쉬어가시고, 엎드려 자는 자세도 피해주세요. 시술 후 3일 정도는 위 사항을 신경 써주시고, 이후 10일차까지는 서서히 편안해질 거예요."
"더나클리닉","서울 서초구 서초대로77길 17 (BLOCK77)","약물·주사","벨로테로 팔자 필러 1cc","팔자주름 개선","https://dernaclinic.com/ko","37.500263","127.025797","10","3","필러가 자리를 잡아가는 기간이라 벨로테로 팔자 필러 부위는 세게 누르거나 마사지하지 말고 부드럽게만 관리해주세요. 뜨거운 찜질, 사우나, 격한 운동처럼 붓기를 키울 수 있는 활동은 오늘은 쉬어가시고, 엎드려 자는 자세도 피해주세요. 시술 후 3일 정도는 위 사항을 신경 써주시고, 이후 10일차까지는 서서히 편안해질 거예요."
"더나클리닉","서울 서초구 서초대로77길 17 (BLOCK77)","약물·주사","비타민C 주사 1회","비타민 영양 주사","https://dernaclinic.com/ko","37.500263","127.025797","1","0","오늘은 충분한 수분과 휴식으로 컨디션을 채워주는 게 가장 중요해요. 주사를 맞은 부위에 멍이나 약간의 뻐근함이 있을 수 있으니 무리한 팔 운동은 잠시 피해주세요. 오늘 하루만 신경 써서 관리하면 내일부터는 평소처럼 지내도 괜찮아요."
"더나클리닉","서울 서초구 서초대로77길 17 (BLOCK77)","약물·주사","비타민D 주사 1회","비타민 영양 주사","https://dernaclinic.com/ko","37.500263","127.025797","1","0","오늘은 충분한 수분과 휴식으로 컨디션을 채워주는 게 가장 중요해요. 주사를 맞은 부위에 멍이나 약간의 뻐근함이 있을 수 있으니 무리한 팔 운동은 잠시 피해주세요. 오늘 하루만 신경 써서 관리하면 내일부터는 평소처럼 지내도 괜찮아요."
"더나클리닉","서울 서초구 서초대로77길 17 (BLOCK77)","약물·주사","셀르디엠 5cc 1회","피부 재생 스킨부스터","https://dernaclinic.com/ko","37.500263","127.025797","5","2","피부 결과 탄력이 서서히 개선되는 시기라 오늘은 자극적인 각질제거나 스크럽 없이 순한 세안과 보습으로만 관리해주세요. 주삿바늘 자국 주변에 작은 붉은 기나 오돌토돌함이 있을 수 있는데 억지로 짜거나 만지지 말고 자연스럽게 가라앉기를 기다려주세요. 시술 후 2일 정도는 위 사항을 신경 써주시고, 이후 5일차까지는 서서히 편안해질 거예요."
"더나클리닉","서울 서초구 서초대로77길 17 (BLOCK77)","약물·주사","셀르디엠 5cc 3회","피부 재생 스킨부스터","https://dernaclinic.com/ko","37.500263","127.025797","5","2","피부 결과 탄력이 서서히 개선되는 시기라 오늘은 자극적인 각질제거나 스크럽 없이 순한 세안과 보습으로만 관리해주세요. 주삿바늘 자국 주변에 작은 붉은 기나 오돌토돌함이 있을 수 있는데 억지로 짜거나 만지지 말고 자연스럽게 가라앉기를 기다려주세요. 시술 후 2일 정도는 위 사항을 신경 써주시고, 이후 5일차까지는 서서히 편안해질 거예요."
"더나클리닉","서울 서초구 서초대로77길 17 (BLOCK77)","약물·주사","스컬트라 1부위 1회","콜라겐 자극으로 자연스러운 볼륨 형성","https://dernaclinic.com/ko","37.500263","127.025797","10","4","필러가 자리를 잡아가는 기간이라 스컬트라 1부위 1회 부위는 세게 누르거나 마사지하지 말고 부드럽게만 관리해주세요. 뜨거운 찜질, 사우나, 격한 운동처럼 붓기를 키울 수 있는 활동은 오늘은 쉬어가시고, 엎드려 자는 자세도 피해주세요. 시술 후 4일 정도는 위 사항을 신경 써주시고, 이후 10일차까지는 서서히 편안해질 거예요."
"더나클리닉","서울 서초구 서초대로77길 17 (BLOCK77)","약물·주사","스컬트라 1부위 3회","콜라겐 자극으로 자연스러운 볼륨 형성","https://dernaclinic.com/ko","37.500263","127.025797","10","4","필러가 자리를 잡아가는 기간이라 스컬트라 1부위 3회 부위는 세게 누르거나 마사지하지 말고 부드럽게만 관리해주세요. 뜨거운 찜질, 사우나, 격한 운동처럼 붓기를 키울 수 있는 활동은 오늘은 쉬어가시고, 엎드려 자는 자세도 피해주세요. 시술 후 4일 정도는 위 사항을 신경 써주시고, 이후 10일차까지는 서서히 편안해질 거예요."
"더나클리닉","서울 서초구 서초대로77길 17 (BLOCK77)","약물·주사","스킨바이브 1cc","피부 표면 결 개선 미세 히알루론산 주사","https://dernaclinic.com/ko","37.500263","127.025797","5","2","피부 결과 탄력이 서서히 개선되는 시기라 오늘은 자극적인 각질제거나 스크럽 없이 순한 세안과 보습으로만 관리해주세요. 주삿바늘 자국 주변에 작은 붉은 기나 오돌토돌함이 있을 수 있는데 억지로 짜거나 만지지 말고 자연스럽게 가라앉기를 기다려주세요. 시술 후 2일 정도는 위 사항을 신경 써주시고, 이후 5일차까지는 서서히 편안해질 거예요."
"더나클리닉","서울 서초구 서초대로77길 17 (BLOCK77)","약물·주사","스킨바이브 2cc","피부 표면 결 개선 미세 히알루론산 주사","https://dernaclinic.com/ko","37.500263","127.025797","5","2","피부 결과 탄력이 서서히 개선되는 시기라 오늘은 자극적인 각질제거나 스크럽 없이 순한 세안과 보습으로만 관리해주세요. 주삿바늘 자국 주변에 작은 붉은 기나 오돌토돌함이 있을 수 있는데 억지로 짜거나 만지지 말고 자연스럽게 가라앉기를 기다려주세요. 시술 후 2일 정도는 위 사항을 신경 써주시고, 이후 5일차까지는 서서히 편안해질 거예요."
"더나클리닉","서울 서초구 서초대로77길 17 (BLOCK77)","약물·주사","스킨바이브 3cc","피부 표면 결 개선 미세 히알루론산 주사","https://dernaclinic.com/ko","37.500263","127.025797","5","2","피부 결과 탄력이 서서히 개선되는 시기라 오늘은 자극적인 각질제거나 스크럽 없이 순한 세안과 보습으로만 관리해주세요. 주삿바늘 자국 주변에 작은 붉은 기나 오돌토돌함이 있을 수 있는데 억지로 짜거나 만지지 말고 자연스럽게 가라앉기를 기다려주세요. 시술 후 2일 정도는 위 사항을 신경 써주시고, 이후 5일차까지는 서서히 편안해질 거예요."
"더나클리닉","서울 서초구 서초대로77길 17 (BLOCK77)","약물·주사","신데렐라 주사 1회","미백·피로회복 영양 주사","https://dernaclinic.com/ko","37.500263","127.025797","1","0","오늘은 충분한 수분과 휴식으로 컨디션을 채워주는 게 가장 중요해요. 주사를 맞은 부위에 멍이나 약간의 뻐근함이 있을 수 있으니 무리한 팔 운동은 잠시 피해주세요. 오늘 하루만 신경 써서 관리하면 내일부터는 평소처럼 지내도 괜찮아요."
"더나클리닉","서울 서초구 서초대로77길 17 (BLOCK77)","약물·주사","얼굴 브이올렛 2cc 1회","얼굴·바디 윤곽 개선 볼륨 주사","https://dernaclinic.com/ko","37.500263","127.025797","5","2","볼륨이 자리 잡는 초기라 시술 부위가 붓거나 단단하게 느껴질 수 있어요, 오늘은 마사지나 압박 없이 편하게 두세요. 무리한 운동이나 사우나는 잠시 미루고 충분한 수분 섭취로 회복을 도와주세요. 시술 후 2일 정도는 위 사항을 신경 써주시고, 이후 5일차까지는 서서히 편안해질 거예요."
"더나클리닉","서울 서초구 서초대로77길 17 (BLOCK77)","약물·주사","얼굴 브이올렛 4cc 1회","얼굴·바디 윤곽 개선 볼륨 주사","https://dernaclinic.com/ko","37.500263","127.025797","5","2","볼륨이 자리 잡는 초기라 시술 부위가 붓거나 단단하게 느껴질 수 있어요, 오늘은 마사지나 압박 없이 편하게 두세요. 무리한 운동이나 사우나는 잠시 미루고 충분한 수분 섭취로 회복을 도와주세요. 시술 후 2일 정도는 위 사항을 신경 써주시고, 이후 5일차까지는 서서히 편안해질 거예요."
"더나클리닉","서울 서초구 서초대로77길 17 (BLOCK77)","약물·주사","엑소좀 (MTS) 5cc 1회","엑소좀 성분으로 피부 진정 및 재생","https://dernaclinic.com/ko","37.500263","127.025797","5","2","피부 결과 탄력이 서서히 개선되는 시기라 오늘은 자극적인 각질제거나 스크럽 없이 순한 세안과 보습으로만 관리해주세요. 주삿바늘 자국 주변에 작은 붉은 기나 오돌토돌함이 있을 수 있는데 억지로 짜거나 만지지 말고 자연스럽게 가라앉기를 기다려주세요. 시술 후 2일 정도는 위 사항을 신경 써주시고, 이후 5일차까지는 서서히 편안해질 거예요."
"더나클리닉","서울 서초구 서초대로77길 17 (BLOCK77)","약물·주사","엑소좀 (MTS) 5cc 3회","엑소좀 성분으로 피부 진정 및 재생","https://dernaclinic.com/ko","37.500263","127.025797","5","2","피부 결과 탄력이 서서히 개선되는 시기라 오늘은 자극적인 각질제거나 스크럽 없이 순한 세안과 보습으로만 관리해주세요. 주삿바늘 자국 주변에 작은 붉은 기나 오돌토돌함이 있을 수 있는데 억지로 짜거나 만지지 말고 자연스럽게 가라앉기를 기다려주세요. 시술 후 2일 정도는 위 사항을 신경 써주시고, 이후 5일차까지는 서서히 편안해질 거예요."
"더나클리닉","서울 서초구 서초대로77길 17 (BLOCK77)","약물·주사","엑소좀 (포텐자 펌핑팁) 5cc 1회","엑소좀 성분으로 피부 진정 및 재생","https://dernaclinic.com/ko","37.500263","127.025797","5","2","피부 결과 탄력이 서서히 개선되는 시기라 오늘은 자극적인 각질제거나 스크럽 없이 순한 세안과 보습으로만 관리해주세요. 주삿바늘 자국 주변에 작은 붉은 기나 오돌토돌함이 있을 수 있는데 억지로 짜거나 만지지 말고 자연스럽게 가라앉기를 기다려주세요. 시술 후 2일 정도는 위 사항을 신경 써주시고, 이후 5일차까지는 서서히 편안해질 거예요."
"더나클리닉","서울 서초구 서초대로77길 17 (BLOCK77)","약물·주사","엑소좀 (포텐자 펌핑팁) 5cc 3회","엑소좀 성분으로 피부 진정 및 재생","https://dernaclinic.com/ko","37.500263","127.025797","5","2","피부 결과 탄력이 서서히 개선되는 시기라 오늘은 자극적인 각질제거나 스크럽 없이 순한 세안과 보습으로만 관리해주세요. 주삿바늘 자국 주변에 작은 붉은 기나 오돌토돌함이 있을 수 있는데 억지로 짜거나 만지지 말고 자연스럽게 가라앉기를 기다려주세요. 시술 후 2일 정도는 위 사항을 신경 써주시고, 이후 5일차까지는 서서히 편안해질 거예요."
"더나클리닉","서울 서초구 서초대로77길 17 (BLOCK77)","약물·주사","엘란쎄 M 1cc","즉각적 볼륨 형성 및 콜라겐 생성 유도","https://dernaclinic.com/ko","37.500263","127.025797","10","4","필러가 자리를 잡아가는 기간이라 엘란쎄 M 부위는 세게 누르거나 마사지하지 말고 부드럽게만 관리해주세요. 뜨거운 찜질, 사우나, 격한 운동처럼 붓기를 키울 수 있는 활동은 오늘은 쉬어가시고, 엎드려 자는 자세도 피해주세요. 시술 후 4일 정도는 위 사항을 신경 써주시고, 이후 10일차까지는 서서히 편안해질 거예요."
"더나클리닉","서울 서초구 서초대로77길 17 (BLOCK77)","약물·주사","엘란쎄 S 1cc","즉각적 볼륨 형성 및 콜라겐 생성 유도","https://dernaclinic.com/ko","37.500263","127.025797","10","4","필러가 자리를 잡아가는 기간이라 엘란쎄 S 부위는 세게 누르거나 마사지하지 말고 부드럽게만 관리해주세요. 뜨거운 찜질, 사우나, 격한 운동처럼 붓기를 키울 수 있는 활동은 오늘은 쉬어가시고, 엎드려 자는 자세도 피해주세요. 시술 후 4일 정도는 위 사항을 신경 써주시고, 이후 10일차까지는 서서히 편안해질 거예요."
"더나클리닉","서울 서초구 서초대로77길 17 (BLOCK77)","약물·주사","엘러간 거미스마일 보톡스","잇몸 노출(개미스마일) 완화","https://dernaclinic.com/ko","37.500263","127.025797","7","3","미간을 찌푸리거나 이마를 크게 움직이는 표정은 오늘 하루 자제해주세요. 시술 부위를 손으로 누르거나 마사지하지 말고, 엎드려 자는 자세도 오늘은 피해주세요. 시술 후 3일 정도는 위 사항을 신경 써주시고, 이후 7일차까지는 서서히 편안해질 거예요."
"더나클리닉","서울 서초구 서초대로77길 17 (BLOCK77)","약물·주사","엘러간 겨드랑이 다한증 보톡스 50u","겨드랑이·손·발 등 땀 분비 억제","https://dernaclinic.com/ko","37.500263","127.025797","7","3","시술 부위에 땀이 줄어드는 효과가 서서히 나타나는 시기예요, 오늘은 시술 부위를 세게 문지르거나 마사지하지 말고 자연스럽게 두세요. 격한 운동이나 사우나처럼 땀을 많이 내는 활동은 잠시 미뤄주시고, 가벼운 멍이나 붓기가 있다면 차가운 수건으로 살살 진정시켜 주세요. 시술 후 3일 정도는 위 사항을 신경 써주시고, 이후 7일차까지는 서서히 편안해질 거예요."
"더나클리닉","서울 서초구 서초대로77길 17 (BLOCK77)","약물·주사","엘러간 광대 보톡스","광대 근육 이완으로 얼굴 라인 축소","https://dernaclinic.com/ko","37.500263","127.025797","7","3","광대 근육 이완으로 얼굴 라인 축소 효과가 자리 잡는 시기라 시술 부위는 손으로 누르거나 마사지하지 말고 자연스럽게 두는 게 좋아요. 오늘은 음주와 격렬한 운동은 피하고, 시술 부위에 직접적인 압박이 가지 않도록 편한 자세로 쉬어주세요. 시술 후 3일 정도는 위 사항을 신경 써주시고, 이후 7일차까지는 서서히 편안해질 거예요."
"더나클리닉","서울 서초구 서초대로77길 17 (BLOCK77)","약물·주사","엘러간 눈가 주름 보톡스","표정 주름 완화","https://dernaclinic.com/ko","37.500263","127.025797","7","3","미간을 찌푸리거나 이마를 크게 움직이는 표정은 오늘 하루 자제해주세요. 시술 부위를 손으로 누르거나 마사지하지 말고, 엎드려 자는 자세도 오늘은 피해주세요. 시술 후 3일 정도는 위 사항을 신경 써주시고, 이후 7일차까지는 서서히 편안해질 거예요."
"더나클리닉","서울 서초구 서초대로77길 17 (BLOCK77)","약물·주사","엘러간 눈밑 주름 보톡스","표정 주름 완화","https://dernaclinic.com/ko","37.500263","127.025797","7","3","미간을 찌푸리거나 이마를 크게 움직이는 표정은 오늘 하루 자제해주세요. 시술 부위를 손으로 누르거나 마사지하지 말고, 엎드려 자는 자세도 오늘은 피해주세요. 시술 후 3일 정도는 위 사항을 신경 써주시고, 이후 7일차까지는 서서히 편안해질 거예요."
"더나클리닉","서울 서초구 서초대로77길 17 (BLOCK77)","약물·주사","엘러간 미간 주름 보톡스","표정 주름 완화","https://dernaclinic.com/ko","37.500263","127.025797","7","3","미간을 찌푸리거나 이마를 크게 움직이는 표정은 오늘 하루 자제해주세요. 시술 부위를 손으로 누르거나 마사지하지 말고, 엎드려 자는 자세도 오늘은 피해주세요. 시술 후 3일 정도는 위 사항을 신경 써주시고, 이후 7일차까지는 서서히 편안해질 거예요."
"더나클리닉","서울 서초구 서초대로77길 17 (BLOCK77)","약물·주사","엘러간 발 다한증 보톡스 50u","겨드랑이·손·발 등 땀 분비 억제","https://dernaclinic.com/ko","37.500263","127.025797","7","3","시술 부위에 땀이 줄어드는 효과가 서서히 나타나는 시기예요, 오늘은 시술 부위를 세게 문지르거나 마사지하지 말고 자연스럽게 두세요. 격한 운동이나 사우나처럼 땀을 많이 내는 활동은 잠시 미뤄주시고, 가벼운 멍이나 붓기가 있다면 차가운 수건으로 살살 진정시켜 주세요. 시술 후 3일 정도는 위 사항을 신경 써주시고, 이후 7일차까지는 서서히 편안해질 거예요."
"더나클리닉","서울 서초구 서초대로77길 17 (BLOCK77)","약물·주사","엘러간 사각턱 보톡스 25u","사각턱 근육 축소로 갸름한 라인 형성","https://dernaclinic.com/ko","37.500263","127.025797","7","3","사각턱 근육 축소로 갸름한 라인 형성 효과가 자리 잡는 시기라 시술 부위는 손으로 누르거나 마사지하지 말고 자연스럽게 두는 게 좋아요. 오늘은 음주와 격렬한 운동은 피하고, 시술 부위에 직접적인 압박이 가지 않도록 편한 자세로 쉬어주세요. 시술 후 3일 정도는 위 사항을 신경 써주시고, 이후 7일차까지는 서서히 편안해질 거예요."
"더나클리닉","서울 서초구 서초대로77길 17 (BLOCK77)","약물·주사","엘러간 손 다한증 보톡스 50u","겨드랑이·손·발 등 땀 분비 억제","https://dernaclinic.com/ko","37.500263","127.025797","7","3","시술 부위에 땀이 줄어드는 효과가 서서히 나타나는 시기예요, 오늘은 시술 부위를 세게 문지르거나 마사지하지 말고 자연스럽게 두세요. 격한 운동이나 사우나처럼 땀을 많이 내는 활동은 잠시 미뤄주시고, 가벼운 멍이나 붓기가 있다면 차가운 수건으로 살살 진정시켜 주세요. 시술 후 3일 정도는 위 사항을 신경 써주시고, 이후 7일차까지는 서서히 편안해질 거예요."
"더나클리닉","서울 서초구 서초대로77길 17 (BLOCK77)","약물·주사","엘러간 승모근 보톡스 100u","승모근(어깨) 근육 이완으로 어깨 라인 개선","https://dernaclinic.com/ko","37.500263","127.025797","7","3","승모근(어깨) 근육 이완으로 어깨 라인 개선 효과가 자리 잡는 시기라 시술 부위는 손으로 누르거나 마사지하지 말고 자연스럽게 두는 게 좋아요. 오늘은 음주와 격렬한 운동은 피하고, 시술 부위에 직접적인 압박이 가지 않도록 편한 자세로 쉬어주세요. 시술 후 3일 정도는 위 사항을 신경 써주시고, 이후 7일차까지는 서서히 편안해질 거예요."
"더나클리닉","서울 서초구 서초대로77길 17 (BLOCK77)","약물·주사","엘러간 승모근 보톡스 150u","승모근(어깨) 근육 이완으로 어깨 라인 개선","https://dernaclinic.com/ko","37.500263","127.025797","7","3","승모근(어깨) 근육 이완으로 어깨 라인 개선 효과가 자리 잡는 시기라 시술 부위는 손으로 누르거나 마사지하지 말고 자연스럽게 두는 게 좋아요. 오늘은 음주와 격렬한 운동은 피하고, 시술 부위에 직접적인 압박이 가지 않도록 편한 자세로 쉬어주세요. 시술 후 3일 정도는 위 사항을 신경 써주시고, 이후 7일차까지는 서서히 편안해질 거예요."
"더나클리닉","서울 서초구 서초대로77길 17 (BLOCK77)","약물·주사","엘러간 승모근 보톡스 200u","승모근(어깨) 근육 이완으로 어깨 라인 개선","https://dernaclinic.com/ko","37.500263","127.025797","7","3","승모근(어깨) 근육 이완으로 어깨 라인 개선 효과가 자리 잡는 시기라 시술 부위는 손으로 누르거나 마사지하지 말고 자연스럽게 두는 게 좋아요. 오늘은 음주와 격렬한 운동은 피하고, 시술 부위에 직접적인 압박이 가지 않도록 편한 자세로 쉬어주세요. 시술 후 3일 정도는 위 사항을 신경 써주시고, 이후 7일차까지는 서서히 편안해질 거예요."
"더나클리닉","서울 서초구 서초대로77길 17 (BLOCK77)","약물·주사","엘러간 이마 주름 보톡스","표정 주름 완화","https://dernaclinic.com/ko","37.500263","127.025797","7","3","미간을 찌푸리거나 이마를 크게 움직이는 표정은 오늘 하루 자제해주세요. 시술 부위를 손으로 누르거나 마사지하지 말고, 엎드려 자는 자세도 오늘은 피해주세요. 시술 후 3일 정도는 위 사항을 신경 써주시고, 이후 7일차까지는 서서히 편안해질 거예요."
"더나클리닉","서울 서초구 서초대로77길 17 (BLOCK77)","약물·주사","엘러간 입꼬리 보톡스","처진 입꼬리 개선","https://dernaclinic.com/ko","37.500263","127.025797","7","3","입꼬리를 크게 움직이는 표정을 반복해서 짓지 않도록 신경 써주세요. 시술 부위를 손으로 누르거나 마사지하지 말고, 엎드려 자는 자세도 오늘은 피해주세요. 시술 후 3일 정도는 위 사항을 신경 써주시고, 이후 7일차까지는 서서히 편안해질 거예요."
"더나클리닉","서울 서초구 서초대로77길 17 (BLOCK77)","약물·주사","엘러간 자갈턱 주름 보톡스","표정 주름 완화","https://dernaclinic.com/ko","37.500263","127.025797","7","3","미간을 찌푸리거나 이마를 크게 움직이는 표정은 오늘 하루 자제해주세요. 시술 부위를 손으로 누르거나 마사지하지 말고, 엎드려 자는 자세도 오늘은 피해주세요. 시술 후 3일 정도는 위 사항을 신경 써주시고, 이후 7일차까지는 서서히 편안해질 거예요."
"더나클리닉","서울 서초구 서초대로77길 17 (BLOCK77)","약물·주사","엘러간 종아리 보톡스 100u","근육 축소로 다리·팔 라인 슬림화","https://dernaclinic.com/ko","37.500263","127.025797","7","3","근육 축소로 다리·팔 라인 슬림화 효과가 자리 잡는 시기라 시술 부위는 손으로 누르거나 마사지하지 말고 자연스럽게 두는 게 좋아요. 오늘은 음주와 격렬한 운동은 피하고, 시술 부위에 직접적인 압박이 가지 않도록 편한 자세로 쉬어주세요. 시술 후 3일 정도는 위 사항을 신경 써주시고, 이후 7일차까지는 서서히 편안해질 거예요."
"더나클리닉","서울 서초구 서초대로77길 17 (BLOCK77)","약물·주사","엘러간 종아리 보톡스 150u","근육 축소로 다리·팔 라인 슬림화","https://dernaclinic.com/ko","37.500263","127.025797","7","3","근육 축소로 다리·팔 라인 슬림화 효과가 자리 잡는 시기라 시술 부위는 손으로 누르거나 마사지하지 말고 자연스럽게 두는 게 좋아요. 오늘은 음주와 격렬한 운동은 피하고, 시술 부위에 직접적인 압박이 가지 않도록 편한 자세로 쉬어주세요. 시술 후 3일 정도는 위 사항을 신경 써주시고, 이후 7일차까지는 서서히 편안해질 거예요."
"더나클리닉","서울 서초구 서초대로77길 17 (BLOCK77)","약물·주사","엘러간 종아리 보톡스 200u","근육 축소로 다리·팔 라인 슬림화","https://dernaclinic.com/ko","37.500263","127.025797","7","3","근육 축소로 다리·팔 라인 슬림화 효과가 자리 잡는 시기라 시술 부위는 손으로 누르거나 마사지하지 말고 자연스럽게 두는 게 좋아요. 오늘은 음주와 격렬한 운동은 피하고, 시술 부위에 직접적인 압박이 가지 않도록 편한 자세로 쉬어주세요. 시술 후 3일 정도는 위 사항을 신경 써주시고, 이후 7일차까지는 서서히 편안해질 거예요."
"더나클리닉","서울 서초구 서초대로77길 17 (BLOCK77)","약물·주사","엘러간 주름 보톡스 3부위 선택","표정 주름 완화","https://dernaclinic.com/ko","37.500263","127.025797","7","3","미간을 찌푸리거나 이마를 크게 움직이는 표정은 오늘 하루 자제해주세요. 시술 부위를 손으로 누르거나 마사지하지 말고, 엎드려 자는 자세도 오늘은 피해주세요. 시술 후 3일 정도는 위 사항을 신경 써주시고, 이후 7일차까지는 서서히 편안해질 거예요."
"더나클리닉","서울 서초구 서초대로77길 17 (BLOCK77)","약물·주사","엘러간 측두근 보톡스","관자놀이 저작근 이완으로 얼굴 라인 개선","https://dernaclinic.com/ko","37.500263","127.025797","7","3","관자놀이 저작근 이완으로 얼굴 라인 개선 효과가 자리 잡는 시기라 시술 부위는 손으로 누르거나 마사지하지 말고 자연스럽게 두는 게 좋아요. 오늘은 음주와 격렬한 운동은 피하고, 시술 부위에 직접적인 압박이 가지 않도록 편한 자세로 쉬어주세요. 시술 후 3일 정도는 위 사항을 신경 써주시고, 이후 7일차까지는 서서히 편안해질 거예요."
"더나클리닉","서울 서초구 서초대로77길 17 (BLOCK77)","약물·주사","엘러간 침샘(귀밑) 보톡스 25u","침샘 비대 개선으로 턱선 정리","https://dernaclinic.com/ko","37.500263","127.025797","7","3","침샘 부기가 가라앉으면서 턱선이 정리되는 시기예요, 오늘은 해당 부위를 마사지하거나 세게 누르지 말아주세요. 딱딱하거나 질긴 음식을 오래 씹는 것도 잠시 피하고 부드러운 음식 위주로 드시면 도움이 돼요. 시술 후 3일 정도는 위 사항을 신경 써주시고, 이후 7일차까지는 서서히 편안해질 거예요."
"더나클리닉","서울 서초구 서초대로77길 17 (BLOCK77)","약물·주사","엘러간 침샘(귀밑+턱밑) 보톡스 50u","침샘 비대 개선으로 턱선 정리","https://dernaclinic.com/ko","37.500263","127.025797","7","3","침샘 부기가 가라앉으면서 턱선이 정리되는 시기예요, 오늘은 해당 부위를 마사지하거나 세게 누르지 말아주세요. 딱딱하거나 질긴 음식을 오래 씹는 것도 잠시 피하고 부드러운 음식 위주로 드시면 도움이 돼요. 시술 후 3일 정도는 위 사항을 신경 써주시고, 이후 7일차까지는 서서히 편안해질 거예요."
"더나클리닉","서울 서초구 서초대로77길 17 (BLOCK77)","약물·주사","엘러간 침샘(턱밑) 보톡스 25u","침샘 비대 개선으로 턱선 정리","https://dernaclinic.com/ko","37.500263","127.025797","7","3","침샘 부기가 가라앉으면서 턱선이 정리되는 시기예요, 오늘은 해당 부위를 마사지하거나 세게 누르지 말아주세요. 딱딱하거나 질긴 음식을 오래 씹는 것도 잠시 피하고 부드러운 음식 위주로 드시면 도움이 돼요. 시술 후 3일 정도는 위 사항을 신경 써주시고, 이후 7일차까지는 서서히 편안해질 거예요."
"더나클리닉","서울 서초구 서초대로77길 17 (BLOCK77)","약물·주사","엘러간 콧등 주름 보톡스","표정 주름 완화","https://dernaclinic.com/ko","37.500263","127.025797","7","3","미간을 찌푸리거나 이마를 크게 움직이는 표정은 오늘 하루 자제해주세요. 시술 부위를 손으로 누르거나 마사지하지 말고, 엎드려 자는 자세도 오늘은 피해주세요. 시술 후 3일 정도는 위 사항을 신경 써주시고, 이후 7일차까지는 서서히 편안해질 거예요."
"더나클리닉","서울 서초구 서초대로77길 17 (BLOCK77)","약물·주사","엘러간 콧볼 주름 보톡스","표정 주름 완화","https://dernaclinic.com/ko","37.500263","127.025797","7","3","미간을 찌푸리거나 이마를 크게 움직이는 표정은 오늘 하루 자제해주세요. 시술 부위를 손으로 누르거나 마사지하지 말고, 엎드려 자는 자세도 오늘은 피해주세요. 시술 후 3일 정도는 위 사항을 신경 써주시고, 이후 7일차까지는 서서히 편안해질 거예요."
"더나클리닉","서울 서초구 서초대로77길 17 (BLOCK77)","약물·주사","엘러간 팔뚝 보톡스 100u","근육 축소로 다리·팔 라인 슬림화","https://dernaclinic.com/ko","37.500263","127.025797","7","3","근육 축소로 다리·팔 라인 슬림화 효과가 자리 잡는 시기라 시술 부위는 손으로 누르거나 마사지하지 말고 자연스럽게 두는 게 좋아요. 오늘은 음주와 격렬한 운동은 피하고, 시술 부위에 직접적인 압박이 가지 않도록 편한 자세로 쉬어주세요. 시술 후 3일 정도는 위 사항을 신경 써주시고, 이후 7일차까지는 서서히 편안해질 거예요."
"더나클리닉","서울 서초구 서초대로77길 17 (BLOCK77)","약물·주사","엘러간 팔뚝 보톡스 150u","근육 축소로 다리·팔 라인 슬림화","https://dernaclinic.com/ko","37.500263","127.025797","7","3","근육 축소로 다리·팔 라인 슬림화 효과가 자리 잡는 시기라 시술 부위는 손으로 누르거나 마사지하지 말고 자연스럽게 두는 게 좋아요. 오늘은 음주와 격렬한 운동은 피하고, 시술 부위에 직접적인 압박이 가지 않도록 편한 자세로 쉬어주세요. 시술 후 3일 정도는 위 사항을 신경 써주시고, 이후 7일차까지는 서서히 편안해질 거예요."
"더나클리닉","서울 서초구 서초대로77길 17 (BLOCK77)","약물·주사","엘러간 팔뚝 보톡스 200u","근육 축소로 다리·팔 라인 슬림화","https://dernaclinic.com/ko","37.500263","127.025797","7","3","근육 축소로 다리·팔 라인 슬림화 효과가 자리 잡는 시기라 시술 부위는 손으로 누르거나 마사지하지 말고 자연스럽게 두는 게 좋아요. 오늘은 음주와 격렬한 운동은 피하고, 시술 부위에 직접적인 압박이 가지 않도록 편한 자세로 쉬어주세요. 시술 후 3일 정도는 위 사항을 신경 써주시고, 이후 7일차까지는 서서히 편안해질 거예요."
"더나클리닉","서울 서초구 서초대로77길 17 (BLOCK77)","약물·주사","엘러간 풀페이스 스킨보톡스","모공 축소 및 피지 분비 조절","https://dernaclinic.com/ko","37.500263","127.025797","7","3","세안은 자극 없이 미지근한 물로 가볍게 해주시고 두꺼운 화장은 오늘 하루 쉬어가는 게 좋아요. 시술 부위를 손으로 누르거나 마사지하지 말고, 엎드려 자는 자세도 오늘은 피해주세요. 시술 후 3일 정도는 위 사항을 신경 써주시고, 이후 7일차까지는 서서히 편안해질 거예요."
"더나클리닉","서울 서초구 서초대로77길 17 (BLOCK77)","약물·주사","엘러간 허벅지 보톡스 100u","근육 축소로 다리·팔 라인 슬림화","https://dernaclinic.com/ko","37.500263","127.025797","7","3","근육 축소로 다리·팔 라인 슬림화 효과가 자리 잡는 시기라 시술 부위는 손으로 누르거나 마사지하지 말고 자연스럽게 두는 게 좋아요. 오늘은 음주와 격렬한 운동은 피하고, 시술 부위에 직접적인 압박이 가지 않도록 편한 자세로 쉬어주세요. 시술 후 3일 정도는 위 사항을 신경 써주시고, 이후 7일차까지는 서서히 편안해질 거예요."
"더나클리닉","서울 서초구 서초대로77길 17 (BLOCK77)","약물·주사","엘러간 허벅지 보톡스 150u","근육 축소로 다리·팔 라인 슬림화","https://dernaclinic.com/ko","37.500263","127.025797","7","3","근육 축소로 다리·팔 라인 슬림화 효과가 자리 잡는 시기라 시술 부위는 손으로 누르거나 마사지하지 말고 자연스럽게 두는 게 좋아요. 오늘은 음주와 격렬한 운동은 피하고, 시술 부위에 직접적인 압박이 가지 않도록 편한 자세로 쉬어주세요. 시술 후 3일 정도는 위 사항을 신경 써주시고, 이후 7일차까지는 서서히 편안해질 거예요."
"더나클리닉","서울 서초구 서초대로77길 17 (BLOCK77)","약물·주사","엘러간 허벅지 보톡스 200u","근육 축소로 다리·팔 라인 슬림화","https://dernaclinic.com/ko","37.500263","127.025797","7","3","근육 축소로 다리·팔 라인 슬림화 효과가 자리 잡는 시기라 시술 부위는 손으로 누르거나 마사지하지 말고 자연스럽게 두는 게 좋아요. 오늘은 음주와 격렬한 운동은 피하고, 시술 부위에 직접적인 압박이 가지 않도록 편한 자세로 쉬어주세요. 시술 후 3일 정도는 위 사항을 신경 써주시고, 이후 7일차까지는 서서히 편안해질 거예요."
"더나클리닉","서울 서초구 서초대로77길 17 (BLOCK77)","약물·주사","이온토 비타민 미백관리 1회","비타민 영양 주사","https://dernaclinic.com/ko","37.500263","127.025797","1","0","오늘은 충분한 수분과 휴식으로 컨디션을 채워주는 게 가장 중요해요. 주사를 맞은 부위에 멍이나 약간의 뻐근함이 있을 수 있으니 무리한 팔 운동은 잠시 피해주세요. 오늘 하루만 신경 써서 관리하면 내일부터는 평소처럼 지내도 괜찮아요."
"더나클리닉","서울 서초구 서초대로77길 17 (BLOCK77)","약물·주사","제오민 거미스마일 보톡스","잇몸 노출(개미스마일) 완화","https://dernaclinic.com/ko","37.500263","127.025797","7","3","미간을 찌푸리거나 이마를 크게 움직이는 표정은 오늘 하루 자제해주세요. 시술 부위를 손으로 누르거나 마사지하지 말고, 엎드려 자는 자세도 오늘은 피해주세요. 시술 후 3일 정도는 위 사항을 신경 써주시고, 이후 7일차까지는 서서히 편안해질 거예요."
"더나클리닉","서울 서초구 서초대로77길 17 (BLOCK77)","약물·주사","제오민 겨드랑이 다한증 보톡스 50u","겨드랑이·손·발 등 땀 분비 억제","https://dernaclinic.com/ko","37.500263","127.025797","7","3","시술 부위에 땀이 줄어드는 효과가 서서히 나타나는 시기예요, 오늘은 시술 부위를 세게 문지르거나 마사지하지 말고 자연스럽게 두세요. 격한 운동이나 사우나처럼 땀을 많이 내는 활동은 잠시 미뤄주시고, 가벼운 멍이나 붓기가 있다면 차가운 수건으로 살살 진정시켜 주세요. 시술 후 3일 정도는 위 사항을 신경 써주시고, 이후 7일차까지는 서서히 편안해질 거예요."
"더나클리닉","서울 서초구 서초대로77길 17 (BLOCK77)","약물·주사","제오민 광대 보톡스","광대 근육 이완으로 얼굴 라인 축소","https://dernaclinic.com/ko","37.500263","127.025797","7","3","광대 근육 이완으로 얼굴 라인 축소 효과가 자리 잡는 시기라 시술 부위는 손으로 누르거나 마사지하지 말고 자연스럽게 두는 게 좋아요. 오늘은 음주와 격렬한 운동은 피하고, 시술 부위에 직접적인 압박이 가지 않도록 편한 자세로 쉬어주세요. 시술 후 3일 정도는 위 사항을 신경 써주시고, 이후 7일차까지는 서서히 편안해질 거예요."
"더나클리닉","서울 서초구 서초대로77길 17 (BLOCK77)","약물·주사","제오민 눈가 주름 보톡스","표정 주름 완화","https://dernaclinic.com/ko","37.500263","127.025797","7","3","미간을 찌푸리거나 이마를 크게 움직이는 표정은 오늘 하루 자제해주세요. 시술 부위를 손으로 누르거나 마사지하지 말고, 엎드려 자는 자세도 오늘은 피해주세요. 시술 후 3일 정도는 위 사항을 신경 써주시고, 이후 7일차까지는 서서히 편안해질 거예요."
"더나클리닉","서울 서초구 서초대로77길 17 (BLOCK77)","약물·주사","제오민 눈밑 주름 보톡스","표정 주름 완화","https://dernaclinic.com/ko","37.500263","127.025797","7","3","미간을 찌푸리거나 이마를 크게 움직이는 표정은 오늘 하루 자제해주세요. 시술 부위를 손으로 누르거나 마사지하지 말고, 엎드려 자는 자세도 오늘은 피해주세요. 시술 후 3일 정도는 위 사항을 신경 써주시고, 이후 7일차까지는 서서히 편안해질 거예요."
"더나클리닉","서울 서초구 서초대로77길 17 (BLOCK77)","약물·주사","제오민 미간 주름 보톡스","표정 주름 완화","https://dernaclinic.com/ko","37.500263","127.025797","7","3","미간을 찌푸리거나 이마를 크게 움직이는 표정은 오늘 하루 자제해주세요. 시술 부위를 손으로 누르거나 마사지하지 말고, 엎드려 자는 자세도 오늘은 피해주세요. 시술 후 3일 정도는 위 사항을 신경 써주시고, 이후 7일차까지는 서서히 편안해질 거예요."
"더나클리닉","서울 서초구 서초대로77길 17 (BLOCK77)","약물·주사","제오민 발 다한증 보톡스 50u","겨드랑이·손·발 등 땀 분비 억제","https://dernaclinic.com/ko","37.500263","127.025797","7","3","시술 부위에 땀이 줄어드는 효과가 서서히 나타나는 시기예요, 오늘은 시술 부위를 세게 문지르거나 마사지하지 말고 자연스럽게 두세요. 격한 운동이나 사우나처럼 땀을 많이 내는 활동은 잠시 미뤄주시고, 가벼운 멍이나 붓기가 있다면 차가운 수건으로 살살 진정시켜 주세요. 시술 후 3일 정도는 위 사항을 신경 써주시고, 이후 7일차까지는 서서히 편안해질 거예요."
"더나클리닉","서울 서초구 서초대로77길 17 (BLOCK77)","약물·주사","제오민 사각턱 보톡스 25u","사각턱 근육 축소로 갸름한 라인 형성","https://dernaclinic.com/ko","37.500263","127.025797","7","3","사각턱 근육 축소로 갸름한 라인 형성 효과가 자리 잡는 시기라 시술 부위는 손으로 누르거나 마사지하지 말고 자연스럽게 두는 게 좋아요. 오늘은 음주와 격렬한 운동은 피하고, 시술 부위에 직접적인 압박이 가지 않도록 편한 자세로 쉬어주세요. 시술 후 3일 정도는 위 사항을 신경 써주시고, 이후 7일차까지는 서서히 편안해질 거예요."
"더나클리닉","서울 서초구 서초대로77길 17 (BLOCK77)","약물·주사","제오민 손 다한증 보톡스 50u","겨드랑이·손·발 등 땀 분비 억제","https://dernaclinic.com/ko","37.500263","127.025797","7","3","시술 부위에 땀이 줄어드는 효과가 서서히 나타나는 시기예요, 오늘은 시술 부위를 세게 문지르거나 마사지하지 말고 자연스럽게 두세요. 격한 운동이나 사우나처럼 땀을 많이 내는 활동은 잠시 미뤄주시고, 가벼운 멍이나 붓기가 있다면 차가운 수건으로 살살 진정시켜 주세요. 시술 후 3일 정도는 위 사항을 신경 써주시고, 이후 7일차까지는 서서히 편안해질 거예요."
"더나클리닉","서울 서초구 서초대로77길 17 (BLOCK77)","약물·주사","제오민 승모근 보톡스 100u","승모근(어깨) 근육 이완으로 어깨 라인 개선","https://dernaclinic.com/ko","37.500263","127.025797","7","3","승모근(어깨) 근육 이완으로 어깨 라인 개선 효과가 자리 잡는 시기라 시술 부위는 손으로 누르거나 마사지하지 말고 자연스럽게 두는 게 좋아요. 오늘은 음주와 격렬한 운동은 피하고, 시술 부위에 직접적인 압박이 가지 않도록 편한 자세로 쉬어주세요. 시술 후 3일 정도는 위 사항을 신경 써주시고, 이후 7일차까지는 서서히 편안해질 거예요."
"더나클리닉","서울 서초구 서초대로77길 17 (BLOCK77)","약물·주사","제오민 승모근 보톡스 150u","승모근(어깨) 근육 이완으로 어깨 라인 개선","https://dernaclinic.com/ko","37.500263","127.025797","7","3","승모근(어깨) 근육 이완으로 어깨 라인 개선 효과가 자리 잡는 시기라 시술 부위는 손으로 누르거나 마사지하지 말고 자연스럽게 두는 게 좋아요. 오늘은 음주와 격렬한 운동은 피하고, 시술 부위에 직접적인 압박이 가지 않도록 편한 자세로 쉬어주세요. 시술 후 3일 정도는 위 사항을 신경 써주시고, 이후 7일차까지는 서서히 편안해질 거예요."
"더나클리닉","서울 서초구 서초대로77길 17 (BLOCK77)","약물·주사","제오민 승모근 보톡스 200u","승모근(어깨) 근육 이완으로 어깨 라인 개선","https://dernaclinic.com/ko","37.500263","127.025797","7","3","승모근(어깨) 근육 이완으로 어깨 라인 개선 효과가 자리 잡는 시기라 시술 부위는 손으로 누르거나 마사지하지 말고 자연스럽게 두는 게 좋아요. 오늘은 음주와 격렬한 운동은 피하고, 시술 부위에 직접적인 압박이 가지 않도록 편한 자세로 쉬어주세요. 시술 후 3일 정도는 위 사항을 신경 써주시고, 이후 7일차까지는 서서히 편안해질 거예요."
"더나클리닉","서울 서초구 서초대로77길 17 (BLOCK77)","약물·주사","제오민 이마 주름 보톡스","표정 주름 완화","https://dernaclinic.com/ko","37.500263","127.025797","7","3","미간을 찌푸리거나 이마를 크게 움직이는 표정은 오늘 하루 자제해주세요. 시술 부위를 손으로 누르거나 마사지하지 말고, 엎드려 자는 자세도 오늘은 피해주세요. 시술 후 3일 정도는 위 사항을 신경 써주시고, 이후 7일차까지는 서서히 편안해질 거예요."
"더나클리닉","서울 서초구 서초대로77길 17 (BLOCK77)","약물·주사","제오민 입꼬리 보톡스","처진 입꼬리 개선","https://dernaclinic.com/ko","37.500263","127.025797","7","3","입꼬리를 크게 움직이는 표정을 반복해서 짓지 않도록 신경 써주세요. 시술 부위를 손으로 누르거나 마사지하지 말고, 엎드려 자는 자세도 오늘은 피해주세요. 시술 후 3일 정도는 위 사항을 신경 써주시고, 이후 7일차까지는 서서히 편안해질 거예요."
"더나클리닉","서울 서초구 서초대로77길 17 (BLOCK77)","약물·주사","제오민 자갈턱 주름 보톡스","표정 주름 완화","https://dernaclinic.com/ko","37.500263","127.025797","7","3","미간을 찌푸리거나 이마를 크게 움직이는 표정은 오늘 하루 자제해주세요. 시술 부위를 손으로 누르거나 마사지하지 말고, 엎드려 자는 자세도 오늘은 피해주세요. 시술 후 3일 정도는 위 사항을 신경 써주시고, 이후 7일차까지는 서서히 편안해질 거예요."
"더나클리닉","서울 서초구 서초대로77길 17 (BLOCK77)","약물·주사","제오민 종아리 보톡스 100u","근육 축소로 다리·팔 라인 슬림화","https://dernaclinic.com/ko","37.500263","127.025797","7","3","근육 축소로 다리·팔 라인 슬림화 효과가 자리 잡는 시기라 시술 부위는 손으로 누르거나 마사지하지 말고 자연스럽게 두는 게 좋아요. 오늘은 음주와 격렬한 운동은 피하고, 시술 부위에 직접적인 압박이 가지 않도록 편한 자세로 쉬어주세요. 시술 후 3일 정도는 위 사항을 신경 써주시고, 이후 7일차까지는 서서히 편안해질 거예요."
"더나클리닉","서울 서초구 서초대로77길 17 (BLOCK77)","약물·주사","제오민 종아리 보톡스 150u","근육 축소로 다리·팔 라인 슬림화","https://dernaclinic.com/ko","37.500263","127.025797","7","3","근육 축소로 다리·팔 라인 슬림화 효과가 자리 잡는 시기라 시술 부위는 손으로 누르거나 마사지하지 말고 자연스럽게 두는 게 좋아요. 오늘은 음주와 격렬한 운동은 피하고, 시술 부위에 직접적인 압박이 가지 않도록 편한 자세로 쉬어주세요. 시술 후 3일 정도는 위 사항을 신경 써주시고, 이후 7일차까지는 서서히 편안해질 거예요."
"더나클리닉","서울 서초구 서초대로77길 17 (BLOCK77)","약물·주사","제오민 종아리 보톡스 200u","근육 축소로 다리·팔 라인 슬림화","https://dernaclinic.com/ko","37.500263","127.025797","7","3","근육 축소로 다리·팔 라인 슬림화 효과가 자리 잡는 시기라 시술 부위는 손으로 누르거나 마사지하지 말고 자연스럽게 두는 게 좋아요. 오늘은 음주와 격렬한 운동은 피하고, 시술 부위에 직접적인 압박이 가지 않도록 편한 자세로 쉬어주세요. 시술 후 3일 정도는 위 사항을 신경 써주시고, 이후 7일차까지는 서서히 편안해질 거예요."
"더나클리닉","서울 서초구 서초대로77길 17 (BLOCK77)","약물·주사","제오민 주름 보톡스 3부위 선택","표정 주름 완화","https://dernaclinic.com/ko","37.500263","127.025797","7","3","미간을 찌푸리거나 이마를 크게 움직이는 표정은 오늘 하루 자제해주세요. 시술 부위를 손으로 누르거나 마사지하지 말고, 엎드려 자는 자세도 오늘은 피해주세요. 시술 후 3일 정도는 위 사항을 신경 써주시고, 이후 7일차까지는 서서히 편안해질 거예요."
"더나클리닉","서울 서초구 서초대로77길 17 (BLOCK77)","약물·주사","제오민 측두근 보톡스","관자놀이 저작근 이완으로 얼굴 라인 개선","https://dernaclinic.com/ko","37.500263","127.025797","7","3","관자놀이 저작근 이완으로 얼굴 라인 개선 효과가 자리 잡는 시기라 시술 부위는 손으로 누르거나 마사지하지 말고 자연스럽게 두는 게 좋아요. 오늘은 음주와 격렬한 운동은 피하고, 시술 부위에 직접적인 압박이 가지 않도록 편한 자세로 쉬어주세요. 시술 후 3일 정도는 위 사항을 신경 써주시고, 이후 7일차까지는 서서히 편안해질 거예요."
"더나클리닉","서울 서초구 서초대로77길 17 (BLOCK77)","약물·주사","제오민 침샘(귀밑) 보톡스 25u","침샘 비대 개선으로 턱선 정리","https://dernaclinic.com/ko","37.500263","127.025797","7","3","침샘 부기가 가라앉으면서 턱선이 정리되는 시기예요, 오늘은 해당 부위를 마사지하거나 세게 누르지 말아주세요. 딱딱하거나 질긴 음식을 오래 씹는 것도 잠시 피하고 부드러운 음식 위주로 드시면 도움이 돼요. 시술 후 3일 정도는 위 사항을 신경 써주시고, 이후 7일차까지는 서서히 편안해질 거예요."
"더나클리닉","서울 서초구 서초대로77길 17 (BLOCK77)","약물·주사","제오민 침샘(귀밑+턱밑) 보톡스 50u","침샘 비대 개선으로 턱선 정리","https://dernaclinic.com/ko","37.500263","127.025797","7","3","침샘 부기가 가라앉으면서 턱선이 정리되는 시기예요, 오늘은 해당 부위를 마사지하거나 세게 누르지 말아주세요. 딱딱하거나 질긴 음식을 오래 씹는 것도 잠시 피하고 부드러운 음식 위주로 드시면 도움이 돼요. 시술 후 3일 정도는 위 사항을 신경 써주시고, 이후 7일차까지는 서서히 편안해질 거예요."
"더나클리닉","서울 서초구 서초대로77길 17 (BLOCK77)","약물·주사","제오민 침샘(턱밑) 보톡스 25u","침샘 비대 개선으로 턱선 정리","https://dernaclinic.com/ko","37.500263","127.025797","7","3","침샘 부기가 가라앉으면서 턱선이 정리되는 시기예요, 오늘은 해당 부위를 마사지하거나 세게 누르지 말아주세요. 딱딱하거나 질긴 음식을 오래 씹는 것도 잠시 피하고 부드러운 음식 위주로 드시면 도움이 돼요. 시술 후 3일 정도는 위 사항을 신경 써주시고, 이후 7일차까지는 서서히 편안해질 거예요."
"더나클리닉","서울 서초구 서초대로77길 17 (BLOCK77)","약물·주사","제오민 콧등 주름 보톡스","표정 주름 완화","https://dernaclinic.com/ko","37.500263","127.025797","7","3","미간을 찌푸리거나 이마를 크게 움직이는 표정은 오늘 하루 자제해주세요. 시술 부위를 손으로 누르거나 마사지하지 말고, 엎드려 자는 자세도 오늘은 피해주세요. 시술 후 3일 정도는 위 사항을 신경 써주시고, 이후 7일차까지는 서서히 편안해질 거예요."
"더나클리닉","서울 서초구 서초대로77길 17 (BLOCK77)","약물·주사","제오민 콧볼 주름 보톡스","표정 주름 완화","https://dernaclinic.com/ko","37.500263","127.025797","7","3","미간을 찌푸리거나 이마를 크게 움직이는 표정은 오늘 하루 자제해주세요. 시술 부위를 손으로 누르거나 마사지하지 말고, 엎드려 자는 자세도 오늘은 피해주세요. 시술 후 3일 정도는 위 사항을 신경 써주시고, 이후 7일차까지는 서서히 편안해질 거예요."
"더나클리닉","서울 서초구 서초대로77길 17 (BLOCK77)","약물·주사","제오민 팔뚝 보톡스 100u","근육 축소로 다리·팔 라인 슬림화","https://dernaclinic.com/ko","37.500263","127.025797","7","3","근육 축소로 다리·팔 라인 슬림화 효과가 자리 잡는 시기라 시술 부위는 손으로 누르거나 마사지하지 말고 자연스럽게 두는 게 좋아요. 오늘은 음주와 격렬한 운동은 피하고, 시술 부위에 직접적인 압박이 가지 않도록 편한 자세로 쉬어주세요. 시술 후 3일 정도는 위 사항을 신경 써주시고, 이후 7일차까지는 서서히 편안해질 거예요."
"더나클리닉","서울 서초구 서초대로77길 17 (BLOCK77)","약물·주사","제오민 팔뚝 보톡스 150u","근육 축소로 다리·팔 라인 슬림화","https://dernaclinic.com/ko","37.500263","127.025797","7","3","근육 축소로 다리·팔 라인 슬림화 효과가 자리 잡는 시기라 시술 부위는 손으로 누르거나 마사지하지 말고 자연스럽게 두는 게 좋아요. 오늘은 음주와 격렬한 운동은 피하고, 시술 부위에 직접적인 압박이 가지 않도록 편한 자세로 쉬어주세요. 시술 후 3일 정도는 위 사항을 신경 써주시고, 이후 7일차까지는 서서히 편안해질 거예요."
"더나클리닉","서울 서초구 서초대로77길 17 (BLOCK77)","약물·주사","제오민 팔뚝 보톡스 200u","근육 축소로 다리·팔 라인 슬림화","https://dernaclinic.com/ko","37.500263","127.025797","7","3","근육 축소로 다리·팔 라인 슬림화 효과가 자리 잡는 시기라 시술 부위는 손으로 누르거나 마사지하지 말고 자연스럽게 두는 게 좋아요. 오늘은 음주와 격렬한 운동은 피하고, 시술 부위에 직접적인 압박이 가지 않도록 편한 자세로 쉬어주세요. 시술 후 3일 정도는 위 사항을 신경 써주시고, 이후 7일차까지는 서서히 편안해질 거예요."
"더나클리닉","서울 서초구 서초대로77길 17 (BLOCK77)","약물·주사","제오민 풀페이스 스킨보톡스","모공 축소 및 피지 분비 조절","https://dernaclinic.com/ko","37.500263","127.025797","7","3","세안은 자극 없이 미지근한 물로 가볍게 해주시고 두꺼운 화장은 오늘 하루 쉬어가는 게 좋아요. 시술 부위를 손으로 누르거나 마사지하지 말고, 엎드려 자는 자세도 오늘은 피해주세요. 시술 후 3일 정도는 위 사항을 신경 써주시고, 이후 7일차까지는 서서히 편안해질 거예요."
"더나클리닉","서울 서초구 서초대로77길 17 (BLOCK77)","약물·주사","제오민 허벅지 보톡스 100u","근육 축소로 다리·팔 라인 슬림화","https://dernaclinic.com/ko","37.500263","127.025797","7","3","근육 축소로 다리·팔 라인 슬림화 효과가 자리 잡는 시기라 시술 부위는 손으로 누르거나 마사지하지 말고 자연스럽게 두는 게 좋아요. 오늘은 음주와 격렬한 운동은 피하고, 시술 부위에 직접적인 압박이 가지 않도록 편한 자세로 쉬어주세요. 시술 후 3일 정도는 위 사항을 신경 써주시고, 이후 7일차까지는 서서히 편안해질 거예요."
"더나클리닉","서울 서초구 서초대로77길 17 (BLOCK77)","약물·주사","제오민 허벅지 보톡스 150u","근육 축소로 다리·팔 라인 슬림화","https://dernaclinic.com/ko","37.500263","127.025797","7","3","근육 축소로 다리·팔 라인 슬림화 효과가 자리 잡는 시기라 시술 부위는 손으로 누르거나 마사지하지 말고 자연스럽게 두는 게 좋아요. 오늘은 음주와 격렬한 운동은 피하고, 시술 부위에 직접적인 압박이 가지 않도록 편한 자세로 쉬어주세요. 시술 후 3일 정도는 위 사항을 신경 써주시고, 이후 7일차까지는 서서히 편안해질 거예요."
"더나클리닉","서울 서초구 서초대로77길 17 (BLOCK77)","약물·주사","제오민 허벅지 보톡스 200u","근육 축소로 다리·팔 라인 슬림화","https://dernaclinic.com/ko","37.500263","127.025797","7","3","근육 축소로 다리·팔 라인 슬림화 효과가 자리 잡는 시기라 시술 부위는 손으로 누르거나 마사지하지 말고 자연스럽게 두는 게 좋아요. 오늘은 음주와 격렬한 운동은 피하고, 시술 부위에 직접적인 압박이 가지 않도록 편한 자세로 쉬어주세요. 시술 후 3일 정도는 위 사항을 신경 써주시고, 이후 7일차까지는 서서히 편안해질 거예요."
"더나클리닉","서울 서초구 서초대로77길 17 (BLOCK77)","약물·주사","쥬베룩 볼륨 1부위(4cc) 1회","콜라겐 재생 자극 필러로 볼륨 및 피부결 개선","https://dernaclinic.com/ko","37.500263","127.025797","10","4","콜라겐이 서서히 채워지며 자연스러운 볼륨이 완성되는 시술이라 오늘은 결과를 조급해하지 않으셔도 돼요. 안내받은 방법대로 가볍게 마사지해 주시고(별도 안내가 없다면 세게 누르는 자극은 피해주세요), 사우나·찜질방처럼 열자극이 큰 곳은 오늘 하루 쉬어주세요. 시술 후 4일 정도는 위 사항을 신경 써주시고, 이후 10일차까지는 서서히 편안해질 거예요."
"더나클리닉","서울 서초구 서초대로77길 17 (BLOCK77)","약물·주사","쥬베룩 볼륨 1부위(4cc) 3회","콜라겐 재생 자극 필러로 볼륨 및 피부결 개선","https://dernaclinic.com/ko","37.500263","127.025797","10","4","콜라겐이 서서히 채워지며 자연스러운 볼륨이 완성되는 시술이라 오늘은 결과를 조급해하지 않으셔도 돼요. 안내받은 방법대로 가볍게 마사지해 주시고(별도 안내가 없다면 세게 누르는 자극은 피해주세요), 사우나·찜질방처럼 열자극이 큰 곳은 오늘 하루 쉬어주세요. 시술 후 4일 정도는 위 사항을 신경 써주시고, 이후 10일차까지는 서서히 편안해질 거예요."
"더나클리닉","서울 서초구 서초대로77길 17 (BLOCK77)","약물·주사","쥬베룩 스킨 4cc(손주사) 1회","콜라겐 재생 자극으로 피부결 개선","https://dernaclinic.com/ko","37.500263","127.025797","10","4","콜라겐이 서서히 채워지며 자연스러운 볼륨이 완성되는 시술이라 오늘은 결과를 조급해하지 않으셔도 돼요. 안내받은 방법대로 가볍게 마사지해 주시고(별도 안내가 없다면 세게 누르는 자극은 피해주세요), 사우나·찜질방처럼 열자극이 큰 곳은 오늘 하루 쉬어주세요. 시술 후 4일 정도는 위 사항을 신경 써주시고, 이후 10일차까지는 서서히 편안해질 거예요."
"더나클리닉","서울 서초구 서초대로77길 17 (BLOCK77)","약물·주사","쥬베룩 스킨 4cc(손주사) 3회","콜라겐 재생 자극으로 피부결 개선","https://dernaclinic.com/ko","37.500263","127.025797","10","4","콜라겐이 서서히 채워지며 자연스러운 볼륨이 완성되는 시술이라 오늘은 결과를 조급해하지 않으셔도 돼요. 안내받은 방법대로 가볍게 마사지해 주시고(별도 안내가 없다면 세게 누르는 자극은 피해주세요), 사우나·찜질방처럼 열자극이 큰 곳은 오늘 하루 쉬어주세요. 시술 후 4일 정도는 위 사항을 신경 써주시고, 이후 10일차까지는 서서히 편안해질 거예요."
"더나클리닉","서울 서초구 서초대로77길 17 (BLOCK77)","약물·주사","쥬베룩 스킨 4cc(포텐자 펌핑팁) 1회","콜라겐 재생 자극으로 피부결 개선","https://dernaclinic.com/ko","37.500263","127.025797","10","4","콜라겐이 서서히 채워지며 자연스러운 볼륨이 완성되는 시술이라 오늘은 결과를 조급해하지 않으셔도 돼요. 안내받은 방법대로 가볍게 마사지해 주시고(별도 안내가 없다면 세게 누르는 자극은 피해주세요), 사우나·찜질방처럼 열자극이 큰 곳은 오늘 하루 쉬어주세요. 시술 후 4일 정도는 위 사항을 신경 써주시고, 이후 10일차까지는 서서히 편안해질 거예요."
"더나클리닉","서울 서초구 서초대로77길 17 (BLOCK77)","약물·주사","쥬베룩 스킨 4cc(포텐자 펌핑팁) 3회","콜라겐 재생 자극으로 피부결 개선","https://dernaclinic.com/ko","37.500263","127.025797","10","4","콜라겐이 서서히 채워지며 자연스러운 볼륨이 완성되는 시술이라 오늘은 결과를 조급해하지 않으셔도 돼요. 안내받은 방법대로 가볍게 마사지해 주시고(별도 안내가 없다면 세게 누르는 자극은 피해주세요), 사우나·찜질방처럼 열자극이 큰 곳은 오늘 하루 쉬어주세요. 시술 후 4일 정도는 위 사항을 신경 써주시고, 이후 10일차까지는 서서히 편안해질 거예요."
"더나클리닉","서울 서초구 서초대로77길 17 (BLOCK77)","약물·주사","쥬베룩 스킨 4cc(하이쿡스) 1회","콜라겐 재생 자극으로 피부결 개선","https://dernaclinic.com/ko","37.500263","127.025797","10","4","콜라겐이 서서히 채워지며 자연스러운 볼륨이 완성되는 시술이라 오늘은 결과를 조급해하지 않으셔도 돼요. 안내받은 방법대로 가볍게 마사지해 주시고(별도 안내가 없다면 세게 누르는 자극은 피해주세요), 사우나·찜질방처럼 열자극이 큰 곳은 오늘 하루 쉬어주세요. 시술 후 4일 정도는 위 사항을 신경 써주시고, 이후 10일차까지는 서서히 편안해질 거예요."
"더나클리닉","서울 서초구 서초대로77길 17 (BLOCK77)","약물·주사","쥬베룩 스킨 4cc(하이쿡스) 3회","콜라겐 재생 자극으로 피부결 개선","https://dernaclinic.com/ko","37.500263","127.025797","10","4","콜라겐이 서서히 채워지며 자연스러운 볼륨이 완성되는 시술이라 오늘은 결과를 조급해하지 않으셔도 돼요. 안내받은 방법대로 가볍게 마사지해 주시고(별도 안내가 없다면 세게 누르는 자극은 피해주세요), 사우나·찜질방처럼 열자극이 큰 곳은 오늘 하루 쉬어주세요. 시술 후 4일 정도는 위 사항을 신경 써주시고, 이후 10일차까지는 서서히 편안해질 거예요."
"더나클리닉","서울 서초구 서초대로77길 17 (BLOCK77)","약물·주사","쥬비덤 관자 필러 1cc","관자놀이 꺼짐 볼륨 보충","https://dernaclinic.com/ko","37.500263","127.025797","10","3","필러가 자리를 잡아가는 기간이라 쥬비덤 관자 필러 부위는 세게 누르거나 마사지하지 말고 부드럽게만 관리해주세요. 뜨거운 찜질, 사우나, 격한 운동처럼 붓기를 키울 수 있는 활동은 오늘은 쉬어가시고, 엎드려 자는 자세도 피해주세요. 시술 후 3일 정도는 위 사항을 신경 써주시고, 이후 10일차까지는 서서히 편안해질 거예요."
"더나클리닉","서울 서초구 서초대로77길 17 (BLOCK77)","약물·주사","쥬비덤 귀 디자인 필러 4cc","귀 볼륨 보충","https://dernaclinic.com/ko","37.500263","127.025797","10","3","필러가 자리를 잡아가는 기간이라 쥬비덤 귀 디자인 필러 부위는 세게 누르거나 마사지하지 말고 부드럽게만 관리해주세요. 뜨거운 찜질, 사우나, 격한 운동처럼 붓기를 키울 수 있는 활동은 오늘은 쉬어가시고, 엎드려 자는 자세도 피해주세요. 시술 후 3일 정도는 위 사항을 신경 써주시고, 이후 10일차까지는 서서히 편안해질 거예요."
"더나클리닉","서울 서초구 서초대로77길 17 (BLOCK77)","약물·주사","쥬비덤 눈밑 필러 1cc","눈밑 꺼짐 볼륨 보충","https://dernaclinic.com/ko","37.500263","127.025797","10","3","필러가 자리를 잡아가는 기간이라 쥬비덤 눈밑 필러 부위는 세게 누르거나 마사지하지 말고 부드럽게만 관리해주세요. 뜨거운 찜질, 사우나, 격한 운동처럼 붓기를 키울 수 있는 활동은 오늘은 쉬어가시고, 엎드려 자는 자세도 피해주세요. 시술 후 3일 정도는 위 사항을 신경 써주시고, 이후 10일차까지는 서서히 편안해질 거예요."
"더나클리닉","서울 서초구 서초대로77길 17 (BLOCK77)","약물·주사","쥬비덤 마리오네트 필러 1cc","입가 팔자주름(마리오네트 라인) 개선","https://dernaclinic.com/ko","37.500263","127.025797","10","3","필러가 자리를 잡아가는 기간이라 쥬비덤 마리오네트 필러 부위는 세게 누르거나 마사지하지 말고 부드럽게만 관리해주세요. 뜨거운 찜질, 사우나, 격한 운동처럼 붓기를 키울 수 있는 활동은 오늘은 쉬어가시고, 엎드려 자는 자세도 피해주세요. 시술 후 3일 정도는 위 사항을 신경 써주시고, 이후 10일차까지는 서서히 편안해질 거예요."
"더나클리닉","서울 서초구 서초대로77길 17 (BLOCK77)","약물·주사","쥬비덤 앞광대 필러 1cc","볼·광대 볼륨 보충","https://dernaclinic.com/ko","37.500263","127.025797","10","3","필러가 자리를 잡아가는 기간이라 쥬비덤 앞광대 필러 부위는 세게 누르거나 마사지하지 말고 부드럽게만 관리해주세요. 뜨거운 찜질, 사우나, 격한 운동처럼 붓기를 키울 수 있는 활동은 오늘은 쉬어가시고, 엎드려 자는 자세도 피해주세요. 시술 후 3일 정도는 위 사항을 신경 써주시고, 이후 10일차까지는 서서히 편안해질 거예요."
"더나클리닉","서울 서초구 서초대로77길 17 (BLOCK77)","약물·주사","쥬비덤 앞볼필러 1cc","볼·광대 볼륨 보충","https://dernaclinic.com/ko","37.500263","127.025797","10","3","필러가 자리를 잡아가는 기간이라 쥬비덤 앞볼필러 부위는 세게 누르거나 마사지하지 말고 부드럽게만 관리해주세요. 뜨거운 찜질, 사우나, 격한 운동처럼 붓기를 키울 수 있는 활동은 오늘은 쉬어가시고, 엎드려 자는 자세도 피해주세요. 시술 후 3일 정도는 위 사항을 신경 써주시고, 이후 10일차까지는 서서히 편안해질 거예요."
"더나클리닉","서울 서초구 서초대로77길 17 (BLOCK77)","약물·주사","쥬비덤 애교 필러 1cc","애교살 볼륨 형성","https://dernaclinic.com/ko","37.500263","127.025797","10","3","필러가 자리를 잡아가는 기간이라 쥬비덤 애교 필러 부위는 세게 누르거나 마사지하지 말고 부드럽게만 관리해주세요. 뜨거운 찜질, 사우나, 격한 운동처럼 붓기를 키울 수 있는 활동은 오늘은 쉬어가시고, 엎드려 자는 자세도 피해주세요. 시술 후 3일 정도는 위 사항을 신경 써주시고, 이후 10일차까지는 서서히 편안해질 거예요."
"더나클리닉","서울 서초구 서초대로77길 17 (BLOCK77)","약물·주사","쥬비덤 옆볼 필러 1cc","볼·광대 볼륨 보충","https://dernaclinic.com/ko","37.500263","127.025797","10","3","필러가 자리를 잡아가는 기간이라 쥬비덤 옆볼 필러 부위는 세게 누르거나 마사지하지 말고 부드럽게만 관리해주세요. 뜨거운 찜질, 사우나, 격한 운동처럼 붓기를 키울 수 있는 활동은 오늘은 쉬어가시고, 엎드려 자는 자세도 피해주세요. 시술 후 3일 정도는 위 사항을 신경 써주시고, 이후 10일차까지는 서서히 편안해질 거예요."
"더나클리닉","서울 서초구 서초대로77길 17 (BLOCK77)","약물·주사","쥬비덤 이마 필러 1cc","이마 볼륨 보충으로 매끈한 라인 형성","https://dernaclinic.com/ko","37.500263","127.025797","10","3","필러가 자리를 잡아가는 기간이라 쥬비덤 이마 필러 부위는 세게 누르거나 마사지하지 말고 부드럽게만 관리해주세요. 뜨거운 찜질, 사우나, 격한 운동처럼 붓기를 키울 수 있는 활동은 오늘은 쉬어가시고, 엎드려 자는 자세도 피해주세요. 시술 후 3일 정도는 위 사항을 신경 써주시고, 이후 10일차까지는 서서히 편안해질 거예요."
"더나클리닉","서울 서초구 서초대로77길 17 (BLOCK77)","약물·주사","쥬비덤 인디언주름 필러 1cc","미간~눈가 인디언주름 개선","https://dernaclinic.com/ko","37.500263","127.025797","10","3","필러가 자리를 잡아가는 기간이라 쥬비덤 인디언주름 필러 부위는 세게 누르거나 마사지하지 말고 부드럽게만 관리해주세요. 뜨거운 찜질, 사우나, 격한 운동처럼 붓기를 키울 수 있는 활동은 오늘은 쉬어가시고, 엎드려 자는 자세도 피해주세요. 시술 후 3일 정도는 위 사항을 신경 써주시고, 이후 10일차까지는 서서히 편안해질 거예요."
"더나클리닉","서울 서초구 서초대로77길 17 (BLOCK77)","약물·주사","쥬비덤 입술 디자인 필러 1cc","입술 볼륨 및 라인 디자인","https://dernaclinic.com/ko","37.500263","127.025797","10","3","필러가 자리를 잡아가는 기간이라 쥬비덤 입술 디자인 필러 부위는 세게 누르거나 마사지하지 말고 부드럽게만 관리해주세요. 뜨거운 찜질, 사우나, 격한 운동처럼 붓기를 키울 수 있는 활동은 오늘은 쉬어가시고, 엎드려 자는 자세도 피해주세요. 시술 후 3일 정도는 위 사항을 신경 써주시고, 이후 10일차까지는 서서히 편안해질 거예요."
"더나클리닉","서울 서초구 서초대로77길 17 (BLOCK77)","약물·주사","쥬비덤 코 디자인 필러 1cc","코 라인 정리 및 콧대 볼륨 형성","https://dernaclinic.com/ko","37.500263","127.025797","10","3","필러가 자리를 잡아가는 기간이라 쥬비덤 코 디자인 필러 부위는 세게 누르거나 마사지하지 말고 부드럽게만 관리해주세요. 뜨거운 찜질, 사우나, 격한 운동처럼 붓기를 키울 수 있는 활동은 오늘은 쉬어가시고, 엎드려 자는 자세도 피해주세요. 시술 후 3일 정도는 위 사항을 신경 써주시고, 이후 10일차까지는 서서히 편안해질 거예요."
"더나클리닉","서울 서초구 서초대로77길 17 (BLOCK77)","약물·주사","쥬비덤 턱 필러 1cc","턱 라인 볼륨 및 길이 보정","https://dernaclinic.com/ko","37.500263","127.025797","10","3","필러가 자리를 잡아가는 기간이라 쥬비덤 턱 필러 부위는 세게 누르거나 마사지하지 말고 부드럽게만 관리해주세요. 뜨거운 찜질, 사우나, 격한 운동처럼 붓기를 키울 수 있는 활동은 오늘은 쉬어가시고, 엎드려 자는 자세도 피해주세요. 시술 후 3일 정도는 위 사항을 신경 써주시고, 이후 10일차까지는 서서히 편안해질 거예요."
"더나클리닉","서울 서초구 서초대로77길 17 (BLOCK77)","약물·주사","쥬비덤 팔자 필러 1cc","팔자주름 개선","https://dernaclinic.com/ko","37.500263","127.025797","10","3","필러가 자리를 잡아가는 기간이라 쥬비덤 팔자 필러 부위는 세게 누르거나 마사지하지 말고 부드럽게만 관리해주세요. 뜨거운 찜질, 사우나, 격한 운동처럼 붓기를 키울 수 있는 활동은 오늘은 쉬어가시고, 엎드려 자는 자세도 피해주세요. 시술 후 3일 정도는 위 사항을 신경 써주시고, 이후 10일차까지는 서서히 편안해질 거예요."
"더나클리닉","서울 서초구 서초대로77길 17 (BLOCK77)","약물·주사","코어톡스 거미스마일 보톡스","잇몸 노출(개미스마일) 완화","https://dernaclinic.com/ko","37.500263","127.025797","7","3","미간을 찌푸리거나 이마를 크게 움직이는 표정은 오늘 하루 자제해주세요. 시술 부위를 손으로 누르거나 마사지하지 말고, 엎드려 자는 자세도 오늘은 피해주세요. 시술 후 3일 정도는 위 사항을 신경 써주시고, 이후 7일차까지는 서서히 편안해질 거예요."
"더나클리닉","서울 서초구 서초대로77길 17 (BLOCK77)","약물·주사","코어톡스 겨드랑이 다한증 보톡스 50u","겨드랑이·손·발 등 땀 분비 억제","https://dernaclinic.com/ko","37.500263","127.025797","7","3","시술 부위에 땀이 줄어드는 효과가 서서히 나타나는 시기예요, 오늘은 시술 부위를 세게 문지르거나 마사지하지 말고 자연스럽게 두세요. 격한 운동이나 사우나처럼 땀을 많이 내는 활동은 잠시 미뤄주시고, 가벼운 멍이나 붓기가 있다면 차가운 수건으로 살살 진정시켜 주세요. 시술 후 3일 정도는 위 사항을 신경 써주시고, 이후 7일차까지는 서서히 편안해질 거예요."
"더나클리닉","서울 서초구 서초대로77길 17 (BLOCK77)","약물·주사","코어톡스 광대 보톡스","광대 근육 이완으로 얼굴 라인 축소","https://dernaclinic.com/ko","37.500263","127.025797","7","3","광대 근육 이완으로 얼굴 라인 축소 효과가 자리 잡는 시기라 시술 부위는 손으로 누르거나 마사지하지 말고 자연스럽게 두는 게 좋아요. 오늘은 음주와 격렬한 운동은 피하고, 시술 부위에 직접적인 압박이 가지 않도록 편한 자세로 쉬어주세요. 시술 후 3일 정도는 위 사항을 신경 써주시고, 이후 7일차까지는 서서히 편안해질 거예요."
"더나클리닉","서울 서초구 서초대로77길 17 (BLOCK77)","약물·주사","코어톡스 눈가 주름 보톡스","표정 주름 완화","https://dernaclinic.com/ko","37.500263","127.025797","7","3","미간을 찌푸리거나 이마를 크게 움직이는 표정은 오늘 하루 자제해주세요. 시술 부위를 손으로 누르거나 마사지하지 말고, 엎드려 자는 자세도 오늘은 피해주세요. 시술 후 3일 정도는 위 사항을 신경 써주시고, 이후 7일차까지는 서서히 편안해질 거예요."
"더나클리닉","서울 서초구 서초대로77길 17 (BLOCK77)","약물·주사","코어톡스 눈밑 주름 보톡스","표정 주름 완화","https://dernaclinic.com/ko","37.500263","127.025797","7","3","미간을 찌푸리거나 이마를 크게 움직이는 표정은 오늘 하루 자제해주세요. 시술 부위를 손으로 누르거나 마사지하지 말고, 엎드려 자는 자세도 오늘은 피해주세요. 시술 후 3일 정도는 위 사항을 신경 써주시고, 이후 7일차까지는 서서히 편안해질 거예요."
"더나클리닉","서울 서초구 서초대로77길 17 (BLOCK77)","약물·주사","코어톡스 미간 주름 보톡스","표정 주름 완화","https://dernaclinic.com/ko","37.500263","127.025797","7","3","미간을 찌푸리거나 이마를 크게 움직이는 표정은 오늘 하루 자제해주세요. 시술 부위를 손으로 누르거나 마사지하지 말고, 엎드려 자는 자세도 오늘은 피해주세요. 시술 후 3일 정도는 위 사항을 신경 써주시고, 이후 7일차까지는 서서히 편안해질 거예요."
"더나클리닉","서울 서초구 서초대로77길 17 (BLOCK77)","약물·주사","코어톡스 발 다한증 보톡스 50u","겨드랑이·손·발 등 땀 분비 억제","https://dernaclinic.com/ko","37.500263","127.025797","7","3","시술 부위에 땀이 줄어드는 효과가 서서히 나타나는 시기예요, 오늘은 시술 부위를 세게 문지르거나 마사지하지 말고 자연스럽게 두세요. 격한 운동이나 사우나처럼 땀을 많이 내는 활동은 잠시 미뤄주시고, 가벼운 멍이나 붓기가 있다면 차가운 수건으로 살살 진정시켜 주세요. 시술 후 3일 정도는 위 사항을 신경 써주시고, 이후 7일차까지는 서서히 편안해질 거예요."
"더나클리닉","서울 서초구 서초대로77길 17 (BLOCK77)","약물·주사","코어톡스 사각턱 보톡스 25u","사각턱 근육 축소로 갸름한 라인 형성","https://dernaclinic.com/ko","37.500263","127.025797","7","3","사각턱 근육 축소로 갸름한 라인 형성 효과가 자리 잡는 시기라 시술 부위는 손으로 누르거나 마사지하지 말고 자연스럽게 두는 게 좋아요. 오늘은 음주와 격렬한 운동은 피하고, 시술 부위에 직접적인 압박이 가지 않도록 편한 자세로 쉬어주세요. 시술 후 3일 정도는 위 사항을 신경 써주시고, 이후 7일차까지는 서서히 편안해질 거예요."
"더나클리닉","서울 서초구 서초대로77길 17 (BLOCK77)","약물·주사","코어톡스 손 다한증 보톡스 50u","겨드랑이·손·발 등 땀 분비 억제","https://dernaclinic.com/ko","37.500263","127.025797","7","3","시술 부위에 땀이 줄어드는 효과가 서서히 나타나는 시기예요, 오늘은 시술 부위를 세게 문지르거나 마사지하지 말고 자연스럽게 두세요. 격한 운동이나 사우나처럼 땀을 많이 내는 활동은 잠시 미뤄주시고, 가벼운 멍이나 붓기가 있다면 차가운 수건으로 살살 진정시켜 주세요. 시술 후 3일 정도는 위 사항을 신경 써주시고, 이후 7일차까지는 서서히 편안해질 거예요."
"더나클리닉","서울 서초구 서초대로77길 17 (BLOCK77)","약물·주사","코어톡스 승모근 보톡스 100u","승모근(어깨) 근육 이완으로 어깨 라인 개선","https://dernaclinic.com/ko","37.500263","127.025797","7","3","승모근(어깨) 근육 이완으로 어깨 라인 개선 효과가 자리 잡는 시기라 시술 부위는 손으로 누르거나 마사지하지 말고 자연스럽게 두는 게 좋아요. 오늘은 음주와 격렬한 운동은 피하고, 시술 부위에 직접적인 압박이 가지 않도록 편한 자세로 쉬어주세요. 시술 후 3일 정도는 위 사항을 신경 써주시고, 이후 7일차까지는 서서히 편안해질 거예요."
"더나클리닉","서울 서초구 서초대로77길 17 (BLOCK77)","약물·주사","코어톡스 승모근 보톡스 150u","승모근(어깨) 근육 이완으로 어깨 라인 개선","https://dernaclinic.com/ko","37.500263","127.025797","7","3","승모근(어깨) 근육 이완으로 어깨 라인 개선 효과가 자리 잡는 시기라 시술 부위는 손으로 누르거나 마사지하지 말고 자연스럽게 두는 게 좋아요. 오늘은 음주와 격렬한 운동은 피하고, 시술 부위에 직접적인 압박이 가지 않도록 편한 자세로 쉬어주세요. 시술 후 3일 정도는 위 사항을 신경 써주시고, 이후 7일차까지는 서서히 편안해질 거예요."
"더나클리닉","서울 서초구 서초대로77길 17 (BLOCK77)","약물·주사","코어톡스 승모근 보톡스 200u","승모근(어깨) 근육 이완으로 어깨 라인 개선","https://dernaclinic.com/ko","37.500263","127.025797","7","3","승모근(어깨) 근육 이완으로 어깨 라인 개선 효과가 자리 잡는 시기라 시술 부위는 손으로 누르거나 마사지하지 말고 자연스럽게 두는 게 좋아요. 오늘은 음주와 격렬한 운동은 피하고, 시술 부위에 직접적인 압박이 가지 않도록 편한 자세로 쉬어주세요. 시술 후 3일 정도는 위 사항을 신경 써주시고, 이후 7일차까지는 서서히 편안해질 거예요."
"더나클리닉","서울 서초구 서초대로77길 17 (BLOCK77)","약물·주사","코어톡스 이마 주름 보톡스","표정 주름 완화","https://dernaclinic.com/ko","37.500263","127.025797","7","3","미간을 찌푸리거나 이마를 크게 움직이는 표정은 오늘 하루 자제해주세요. 시술 부위를 손으로 누르거나 마사지하지 말고, 엎드려 자는 자세도 오늘은 피해주세요. 시술 후 3일 정도는 위 사항을 신경 써주시고, 이후 7일차까지는 서서히 편안해질 거예요."
"더나클리닉","서울 서초구 서초대로77길 17 (BLOCK77)","약물·주사","코어톡스 입꼬리 보톡스","처진 입꼬리 개선","https://dernaclinic.com/ko","37.500263","127.025797","7","3","입꼬리를 크게 움직이는 표정을 반복해서 짓지 않도록 신경 써주세요. 시술 부위를 손으로 누르거나 마사지하지 말고, 엎드려 자는 자세도 오늘은 피해주세요. 시술 후 3일 정도는 위 사항을 신경 써주시고, 이후 7일차까지는 서서히 편안해질 거예요."
"더나클리닉","서울 서초구 서초대로77길 17 (BLOCK77)","약물·주사","코어톡스 자갈턱 주름 보톡스","표정 주름 완화","https://dernaclinic.com/ko","37.500263","127.025797","7","3","미간을 찌푸리거나 이마를 크게 움직이는 표정은 오늘 하루 자제해주세요. 시술 부위를 손으로 누르거나 마사지하지 말고, 엎드려 자는 자세도 오늘은 피해주세요. 시술 후 3일 정도는 위 사항을 신경 써주시고, 이후 7일차까지는 서서히 편안해질 거예요."
"더나클리닉","서울 서초구 서초대로77길 17 (BLOCK77)","약물·주사","코어톡스 종아리 보톡스 100u","근육 축소로 다리·팔 라인 슬림화","https://dernaclinic.com/ko","37.500263","127.025797","7","3","근육 축소로 다리·팔 라인 슬림화 효과가 자리 잡는 시기라 시술 부위는 손으로 누르거나 마사지하지 말고 자연스럽게 두는 게 좋아요. 오늘은 음주와 격렬한 운동은 피하고, 시술 부위에 직접적인 압박이 가지 않도록 편한 자세로 쉬어주세요. 시술 후 3일 정도는 위 사항을 신경 써주시고, 이후 7일차까지는 서서히 편안해질 거예요."
"더나클리닉","서울 서초구 서초대로77길 17 (BLOCK77)","약물·주사","코어톡스 종아리 보톡스 150u","근육 축소로 다리·팔 라인 슬림화","https://dernaclinic.com/ko","37.500263","127.025797","7","3","근육 축소로 다리·팔 라인 슬림화 효과가 자리 잡는 시기라 시술 부위는 손으로 누르거나 마사지하지 말고 자연스럽게 두는 게 좋아요. 오늘은 음주와 격렬한 운동은 피하고, 시술 부위에 직접적인 압박이 가지 않도록 편한 자세로 쉬어주세요. 시술 후 3일 정도는 위 사항을 신경 써주시고, 이후 7일차까지는 서서히 편안해질 거예요."
"더나클리닉","서울 서초구 서초대로77길 17 (BLOCK77)","약물·주사","코어톡스 종아리 보톡스 200u","근육 축소로 다리·팔 라인 슬림화","https://dernaclinic.com/ko","37.500263","127.025797","7","3","근육 축소로 다리·팔 라인 슬림화 효과가 자리 잡는 시기라 시술 부위는 손으로 누르거나 마사지하지 말고 자연스럽게 두는 게 좋아요. 오늘은 음주와 격렬한 운동은 피하고, 시술 부위에 직접적인 압박이 가지 않도록 편한 자세로 쉬어주세요. 시술 후 3일 정도는 위 사항을 신경 써주시고, 이후 7일차까지는 서서히 편안해질 거예요."
"더나클리닉","서울 서초구 서초대로77길 17 (BLOCK77)","약물·주사","코어톡스 주름 보톡스 3부위 선택","표정 주름 완화","https://dernaclinic.com/ko","37.500263","127.025797","7","3","미간을 찌푸리거나 이마를 크게 움직이는 표정은 오늘 하루 자제해주세요. 시술 부위를 손으로 누르거나 마사지하지 말고, 엎드려 자는 자세도 오늘은 피해주세요. 시술 후 3일 정도는 위 사항을 신경 써주시고, 이후 7일차까지는 서서히 편안해질 거예요."
"더나클리닉","서울 서초구 서초대로77길 17 (BLOCK77)","약물·주사","코어톡스 측두근 보톡스","관자놀이 저작근 이완으로 얼굴 라인 개선","https://dernaclinic.com/ko","37.500263","127.025797","7","3","관자놀이 저작근 이완으로 얼굴 라인 개선 효과가 자리 잡는 시기라 시술 부위는 손으로 누르거나 마사지하지 말고 자연스럽게 두는 게 좋아요. 오늘은 음주와 격렬한 운동은 피하고, 시술 부위에 직접적인 압박이 가지 않도록 편한 자세로 쉬어주세요. 시술 후 3일 정도는 위 사항을 신경 써주시고, 이후 7일차까지는 서서히 편안해질 거예요."
"더나클리닉","서울 서초구 서초대로77길 17 (BLOCK77)","약물·주사","코어톡스 침샘(귀밑) 보톡스 25u","침샘 비대 개선으로 턱선 정리","https://dernaclinic.com/ko","37.500263","127.025797","7","3","침샘 부기가 가라앉으면서 턱선이 정리되는 시기예요, 오늘은 해당 부위를 마사지하거나 세게 누르지 말아주세요. 딱딱하거나 질긴 음식을 오래 씹는 것도 잠시 피하고 부드러운 음식 위주로 드시면 도움이 돼요. 시술 후 3일 정도는 위 사항을 신경 써주시고, 이후 7일차까지는 서서히 편안해질 거예요."
"더나클리닉","서울 서초구 서초대로77길 17 (BLOCK77)","약물·주사","코어톡스 침샘(귀밑+턱밑) 보톡스 50u","침샘 비대 개선으로 턱선 정리","https://dernaclinic.com/ko","37.500263","127.025797","7","3","침샘 부기가 가라앉으면서 턱선이 정리되는 시기예요, 오늘은 해당 부위를 마사지하거나 세게 누르지 말아주세요. 딱딱하거나 질긴 음식을 오래 씹는 것도 잠시 피하고 부드러운 음식 위주로 드시면 도움이 돼요. 시술 후 3일 정도는 위 사항을 신경 써주시고, 이후 7일차까지는 서서히 편안해질 거예요."
"더나클리닉","서울 서초구 서초대로77길 17 (BLOCK77)","약물·주사","코어톡스 침샘(턱밑) 보톡스 25u","침샘 비대 개선으로 턱선 정리","https://dernaclinic.com/ko","37.500263","127.025797","7","3","침샘 부기가 가라앉으면서 턱선이 정리되는 시기예요, 오늘은 해당 부위를 마사지하거나 세게 누르지 말아주세요. 딱딱하거나 질긴 음식을 오래 씹는 것도 잠시 피하고 부드러운 음식 위주로 드시면 도움이 돼요. 시술 후 3일 정도는 위 사항을 신경 써주시고, 이후 7일차까지는 서서히 편안해질 거예요."
"더나클리닉","서울 서초구 서초대로77길 17 (BLOCK77)","약물·주사","코어톡스 콧등 주름 보톡스","표정 주름 완화","https://dernaclinic.com/ko","37.500263","127.025797","7","3","미간을 찌푸리거나 이마를 크게 움직이는 표정은 오늘 하루 자제해주세요. 시술 부위를 손으로 누르거나 마사지하지 말고, 엎드려 자는 자세도 오늘은 피해주세요. 시술 후 3일 정도는 위 사항을 신경 써주시고, 이후 7일차까지는 서서히 편안해질 거예요."
"더나클리닉","서울 서초구 서초대로77길 17 (BLOCK77)","약물·주사","코어톡스 콧볼 주름 보톡스","표정 주름 완화","https://dernaclinic.com/ko","37.500263","127.025797","7","3","미간을 찌푸리거나 이마를 크게 움직이는 표정은 오늘 하루 자제해주세요. 시술 부위를 손으로 누르거나 마사지하지 말고, 엎드려 자는 자세도 오늘은 피해주세요. 시술 후 3일 정도는 위 사항을 신경 써주시고, 이후 7일차까지는 서서히 편안해질 거예요."
"더나클리닉","서울 서초구 서초대로77길 17 (BLOCK77)","약물·주사","코어톡스 팔뚝 보톡스 100u","근육 축소로 다리·팔 라인 슬림화","https://dernaclinic.com/ko","37.500263","127.025797","7","3","근육 축소로 다리·팔 라인 슬림화 효과가 자리 잡는 시기라 시술 부위는 손으로 누르거나 마사지하지 말고 자연스럽게 두는 게 좋아요. 오늘은 음주와 격렬한 운동은 피하고, 시술 부위에 직접적인 압박이 가지 않도록 편한 자세로 쉬어주세요. 시술 후 3일 정도는 위 사항을 신경 써주시고, 이후 7일차까지는 서서히 편안해질 거예요."
"더나클리닉","서울 서초구 서초대로77길 17 (BLOCK77)","약물·주사","코어톡스 팔뚝 보톡스 150u","근육 축소로 다리·팔 라인 슬림화","https://dernaclinic.com/ko","37.500263","127.025797","7","3","근육 축소로 다리·팔 라인 슬림화 효과가 자리 잡는 시기라 시술 부위는 손으로 누르거나 마사지하지 말고 자연스럽게 두는 게 좋아요. 오늘은 음주와 격렬한 운동은 피하고, 시술 부위에 직접적인 압박이 가지 않도록 편한 자세로 쉬어주세요. 시술 후 3일 정도는 위 사항을 신경 써주시고, 이후 7일차까지는 서서히 편안해질 거예요."
"더나클리닉","서울 서초구 서초대로77길 17 (BLOCK77)","약물·주사","코어톡스 팔뚝 보톡스 200u","근육 축소로 다리·팔 라인 슬림화","https://dernaclinic.com/ko","37.500263","127.025797","7","3","근육 축소로 다리·팔 라인 슬림화 효과가 자리 잡는 시기라 시술 부위는 손으로 누르거나 마사지하지 말고 자연스럽게 두는 게 좋아요. 오늘은 음주와 격렬한 운동은 피하고, 시술 부위에 직접적인 압박이 가지 않도록 편한 자세로 쉬어주세요. 시술 후 3일 정도는 위 사항을 신경 써주시고, 이후 7일차까지는 서서히 편안해질 거예요."
"더나클리닉","서울 서초구 서초대로77길 17 (BLOCK77)","약물·주사","코어톡스 풀페이스 스킨보톡스","모공 축소 및 피지 분비 조절","https://dernaclinic.com/ko","37.500263","127.025797","7","3","세안은 자극 없이 미지근한 물로 가볍게 해주시고 두꺼운 화장은 오늘 하루 쉬어가는 게 좋아요. 시술 부위를 손으로 누르거나 마사지하지 말고, 엎드려 자는 자세도 오늘은 피해주세요. 시술 후 3일 정도는 위 사항을 신경 써주시고, 이후 7일차까지는 서서히 편안해질 거예요."
"더나클리닉","서울 서초구 서초대로77길 17 (BLOCK77)","약물·주사","코어톡스 허벅지 보톡스 100u","근육 축소로 다리·팔 라인 슬림화","https://dernaclinic.com/ko","37.500263","127.025797","7","3","근육 축소로 다리·팔 라인 슬림화 효과가 자리 잡는 시기라 시술 부위는 손으로 누르거나 마사지하지 말고 자연스럽게 두는 게 좋아요. 오늘은 음주와 격렬한 운동은 피하고, 시술 부위에 직접적인 압박이 가지 않도록 편한 자세로 쉬어주세요. 시술 후 3일 정도는 위 사항을 신경 써주시고, 이후 7일차까지는 서서히 편안해질 거예요."
"더나클리닉","서울 서초구 서초대로77길 17 (BLOCK77)","약물·주사","코어톡스 허벅지 보톡스 150u","근육 축소로 다리·팔 라인 슬림화","https://dernaclinic.com/ko","37.500263","127.025797","7","3","근육 축소로 다리·팔 라인 슬림화 효과가 자리 잡는 시기라 시술 부위는 손으로 누르거나 마사지하지 말고 자연스럽게 두는 게 좋아요. 오늘은 음주와 격렬한 운동은 피하고, 시술 부위에 직접적인 압박이 가지 않도록 편한 자세로 쉬어주세요. 시술 후 3일 정도는 위 사항을 신경 써주시고, 이후 7일차까지는 서서히 편안해질 거예요."
"더나클리닉","서울 서초구 서초대로77길 17 (BLOCK77)","약물·주사","코어톡스 허벅지 보톡스 200u","근육 축소로 다리·팔 라인 슬림화","https://dernaclinic.com/ko","37.500263","127.025797","7","3","근육 축소로 다리·팔 라인 슬림화 효과가 자리 잡는 시기라 시술 부위는 손으로 누르거나 마사지하지 말고 자연스럽게 두는 게 좋아요. 오늘은 음주와 격렬한 운동은 피하고, 시술 부위에 직접적인 압박이 가지 않도록 편한 자세로 쉬어주세요. 시술 후 3일 정도는 위 사항을 신경 써주시고, 이후 7일차까지는 서서히 편안해질 거예요."
"더나클리닉","서울 서초구 서초대로77길 17 (BLOCK77)","약물·주사","태반 주사 1회","태반 성분 영양 주사","https://dernaclinic.com/ko","37.500263","127.025797","1","0","오늘은 충분한 수분과 휴식으로 컨디션을 채워주는 게 가장 중요해요. 주사를 맞은 부위에 멍이나 약간의 뻐근함이 있을 수 있으니 무리한 팔 운동은 잠시 피해주세요. 오늘 하루만 신경 써서 관리하면 내일부터는 평소처럼 지내도 괜찮아요."
"더나클리닉","서울 서초구 서초대로77길 17 (BLOCK77)","약물·주사","풀페이스 스컬트라 1병(12cc) 1회","콜라겐 자극으로 자연스러운 볼륨 형성","https://dernaclinic.com/ko","37.500263","127.025797","10","4","필러가 자리를 잡아가는 기간이라 풀페이스 스컬트라 1병() 1회 부위는 세게 누르거나 마사지하지 말고 부드럽게만 관리해주세요. 뜨거운 찜질, 사우나, 격한 운동처럼 붓기를 키울 수 있는 활동은 오늘은 쉬어가시고, 엎드려 자는 자세도 피해주세요. 시술 후 4일 정도는 위 사항을 신경 써주시고, 이후 10일차까지는 서서히 편안해질 거예요."
"더나클리닉","서울 서초구 서초대로77길 17 (BLOCK77)","약물·주사","풀페이스 스컬트라 1병(12cc) 3회","콜라겐 자극으로 자연스러운 볼륨 형성","https://dernaclinic.com/ko","37.500263","127.025797","10","4","필러가 자리를 잡아가는 기간이라 풀페이스 스컬트라 1병() 3회 부위는 세게 누르거나 마사지하지 말고 부드럽게만 관리해주세요. 뜨거운 찜질, 사우나, 격한 운동처럼 붓기를 키울 수 있는 활동은 오늘은 쉬어가시고, 엎드려 자는 자세도 피해주세요. 시술 후 4일 정도는 위 사항을 신경 써주시고, 이후 10일차까지는 서서히 편안해질 거예요."
"더나클리닉","서울 서초구 서초대로77길 17 (BLOCK77)","약물·주사","풀페이스 쥬베룩 볼륨 1병(12cc) 1회","콜라겐 재생 자극 필러로 볼륨 및 피부결 개선","https://dernaclinic.com/ko","37.500263","127.025797","10","4","콜라겐이 서서히 채워지며 자연스러운 볼륨이 완성되는 시술이라 오늘은 결과를 조급해하지 않으셔도 돼요. 안내받은 방법대로 가볍게 마사지해 주시고(별도 안내가 없다면 세게 누르는 자극은 피해주세요), 사우나·찜질방처럼 열자극이 큰 곳은 오늘 하루 쉬어주세요. 시술 후 4일 정도는 위 사항을 신경 써주시고, 이후 10일차까지는 서서히 편안해질 거예요."
"더나클리닉","서울 서초구 서초대로77길 17 (BLOCK77)","약물·주사","풀페이스 쥬베룩 볼륨 1병(12cc) 3회","콜라겐 재생 자극 필러로 볼륨 및 피부결 개선","https://dernaclinic.com/ko","37.500263","127.025797","10","4","콜라겐이 서서히 채워지며 자연스러운 볼륨이 완성되는 시술이라 오늘은 결과를 조급해하지 않으셔도 돼요. 안내받은 방법대로 가볍게 마사지해 주시고(별도 안내가 없다면 세게 누르는 자극은 피해주세요), 사우나·찜질방처럼 열자극이 큰 곳은 오늘 하루 쉬어주세요. 시술 후 4일 정도는 위 사항을 신경 써주시고, 이후 10일차까지는 서서히 편안해질 거예요."
"더나클리닉","서울 서초구 서초대로77길 17 (BLOCK77)","약물·주사","필로르가 135(MTS) 3cc 1회","비타민·미네랄 복합 영양 부스터","https://dernaclinic.com/ko","37.500263","127.025797","10","4","오늘은 충분한 수분과 휴식으로 컨디션을 채워주는 게 가장 중요해요. 주사를 맞은 부위에 멍이나 약간의 뻐근함이 있을 수 있으니 무리한 팔 운동은 잠시 피해주세요. 시술 후 4일 정도는 위 사항을 신경 써주시고, 이후 10일차까지는 서서히 편안해질 거예요."
"더나클리닉","서울 서초구 서초대로77길 17 (BLOCK77)","약물·주사","필로르가 135(MTS) 3cc 3회","비타민·미네랄 복합 영양 부스터","https://dernaclinic.com/ko","37.500263","127.025797","10","4","오늘은 충분한 수분과 휴식으로 컨디션을 채워주는 게 가장 중요해요. 주사를 맞은 부위에 멍이나 약간의 뻐근함이 있을 수 있으니 무리한 팔 운동은 잠시 피해주세요. 시술 후 4일 정도는 위 사항을 신경 써주시고, 이후 10일차까지는 서서히 편안해질 거예요."
"더나클리닉","서울 서초구 서초대로77길 17 (BLOCK77)","약물·주사","필로르가 135(포텐자 펌핑팁) 3cc 1회","비타민·미네랄 복합 영양 부스터","https://dernaclinic.com/ko","37.500263","127.025797","10","4","오늘은 충분한 수분과 휴식으로 컨디션을 채워주는 게 가장 중요해요. 주사를 맞은 부위에 멍이나 약간의 뻐근함이 있을 수 있으니 무리한 팔 운동은 잠시 피해주세요. 시술 후 4일 정도는 위 사항을 신경 써주시고, 이후 10일차까지는 서서히 편안해질 거예요."
"더나클리닉","서울 서초구 서초대로77길 17 (BLOCK77)","약물·주사","필로르가 135(포텐자 펌핑팁) 3cc 3회","비타민·미네랄 복합 영양 부스터","https://dernaclinic.com/ko","37.500263","127.025797","10","4","오늘은 충분한 수분과 휴식으로 컨디션을 채워주는 게 가장 중요해요. 주사를 맞은 부위에 멍이나 약간의 뻐근함이 있을 수 있으니 무리한 팔 운동은 잠시 피해주세요. 시술 후 4일 정도는 위 사항을 신경 써주시고, 이후 10일차까지는 서서히 편안해질 거예요."
"더나클리닉","서울 서초구 서초대로77길 17 (BLOCK77)","기기 기반","ADF 1회","피부 진정 및 재생 관리","https://dernaclinic.com/ko","37.500263","127.025797","1","0","피부 결과 탄력이 서서히 개선되는 시기라 오늘은 자극적인 각질제거나 스크럽 없이 순한 세안과 보습으로만 관리해주세요. 주삿바늘 자국 주변에 작은 붉은 기나 오돌토돌함이 있을 수 있는데 억지로 짜거나 만지지 말고 자연스럽게 가라앉기를 기다려주세요. 오늘 하루만 신경 써서 관리하면 내일부터는 평소처럼 지내도 괜찮아요."
"더나클리닉","서울 서초구 서초대로77길 17 (BLOCK77)","기기 기반","LDM 1가지 모드 1회","초음파 도입 관리","https://dernaclinic.com/ko","37.500263","127.025797","1","0","각질층이 예민해져 있는 상태라 오늘은 세안 후 순한 보습제로 진정시켜 주세요. 자외선 차단제를 꼭 발라주시고, 스크럽이나 추가 필링처럼 자극이 겹치는 관리는 오늘 하루 쉬어주세요. 오늘 하루만 신경 써서 관리하면 내일부터는 평소처럼 지내도 괜찮아요."
"더나클리닉","서울 서초구 서초대로77길 17 (BLOCK77)","기기 기반","LED 광선 치료 1회","LED 광선 피부 진정 관리","https://dernaclinic.com/ko","37.500263","127.025797","1","0","피부 결과 탄력이 서서히 개선되는 시기라 오늘은 자극적인 각질제거나 스크럽 없이 순한 세안과 보습으로만 관리해주세요. 주삿바늘 자국 주변에 작은 붉은 기나 오돌토돌함이 있을 수 있는데 억지로 짜거나 만지지 말고 자연스럽게 가라앉기를 기다려주세요. 오늘 하루만 신경 써서 관리하면 내일부터는 평소처럼 지내도 괜찮아요."
"더나클리닉","서울 서초구 서초대로77길 17 (BLOCK77)","기기 기반","고주파 관리 1회","고주파 탄력 관리","https://dernaclinic.com/ko","37.500263","127.025797","1","0","탄력이 서서히 올라오는 시기라 오늘은 시술 부위에 강한 힘을 주는 마사지나 압박은 피해주세요. 사우나·찜질방 같은 고온 환경과 음주는 붓기와 자극을 키울 수 있으니 오늘 하루는 쉬어가시고, 자외선 차단제를 꼼꼼히 발라주세요. 오늘 하루만 신경 써서 관리하면 내일부터는 평소처럼 지내도 괜찮아요."
"더나클리닉","서울 서초구 서초대로77길 17 (BLOCK77)","기기 기반","데콜테 로즈필 1회","각질 재생 필링 관리","https://dernaclinic.com/ko","37.500263","127.025797","1","0","각질층이 예민해져 있는 상태라 오늘은 세안 후 순한 보습제로 진정시켜 주세요. 자외선 차단제를 꼭 발라주시고, 스크럽이나 추가 필링처럼 자극이 겹치는 관리는 오늘 하루 쉬어주세요. 오늘 하루만 신경 써서 관리하면 내일부터는 평소처럼 지내도 괜찮아요."
"더나클리닉","서울 서초구 서초대로77길 17 (BLOCK77)","기기 기반","듀얼 피코(피코슈어,피코웨이) 토닝 1회","색소·기미 개선 토닝","https://dernaclinic.com/ko","37.500263","127.025797","7","3","자외선 차단제를 평소보다 더 꼼꼼히, 자주 덧발라 주세요. 오늘은 각질제거·스크럽·필링 등 추가 자극은 피하고 순한 보습 위주로 관리해주세요. 시술 후 3일 정도는 위 사항을 신경 써주시고, 이후 7일차까지는 서서히 편안해질 거예요."
"더나클리닉","서울 서초구 서초대로77길 17 (BLOCK77)","기기 기반","등 로즈필 1회","각질 재생 필링 관리","https://dernaclinic.com/ko","37.500263","127.025797","1","0","각질층이 예민해져 있는 상태라 오늘은 세안 후 순한 보습제로 진정시켜 주세요. 자외선 차단제를 꼭 발라주시고, 스크럽이나 추가 필링처럼 자극이 겹치는 관리는 오늘 하루 쉬어주세요. 오늘 하루만 신경 써서 관리하면 내일부터는 평소처럼 지내도 괜찮아요."
"더나클리닉","서울 서초구 서초대로77길 17 (BLOCK77)","기기 기반","디자인 제모(목뒤, 헤어라인, 구레나룻) 1회","레이저 제모","https://dernaclinic.com/ko","37.500263","127.025797","7","3","시술 부위 각질이나 털을 억지로 뜯어내지 말고 자연스럽게 빠지도록 두세요. 오늘은 각질제거·스크럽·필링 등 추가 자극은 피하고 순한 보습 위주로 관리해주세요. 시술 후 3일 정도는 위 사항을 신경 써주시고, 이후 7일차까지는 서서히 편안해질 거예요."
"더나클리닉","서울 서초구 서초대로77길 17 (BLOCK77)","기기 기반","라라필 1회","각질·모공 필링 관리","https://dernaclinic.com/ko","37.500263","127.025797","1","0","각질층이 예민해져 있는 상태라 오늘은 세안 후 순한 보습제로 진정시켜 주세요. 자외선 차단제를 꼭 발라주시고, 스크럽이나 추가 필링처럼 자극이 겹치는 관리는 오늘 하루 쉬어주세요. 오늘 하루만 신경 써서 관리하면 내일부터는 평소처럼 지내도 괜찮아요."
"더나클리닉","서울 서초구 서초대로77길 17 (BLOCK77)","기기 기반","리팟레이저 (사이즈무관) 1개","지방종·피지낭종 제거 레이저","https://dernaclinic.com/ko","37.500263","127.025797","7","3","자외선 차단제를 평소보다 더 꼼꼼히, 자주 덧발라 주세요. 오늘은 각질제거·스크럽·필링 등 추가 자극은 피하고 순한 보습 위주로 관리해주세요. 시술 후 3일 정도는 위 사항을 신경 써주시고, 이후 7일차까지는 서서히 편안해질 거예요."
"더나클리닉","서울 서초구 서초대로77길 17 (BLOCK77)","기기 기반","리팟레이저 (사이즈무관) 2개","지방종·피지낭종 제거 레이저","https://dernaclinic.com/ko","37.500263","127.025797","7","3","자외선 차단제를 평소보다 더 꼼꼼히, 자주 덧발라 주세요. 오늘은 각질제거·스크럽·필링 등 추가 자극은 피하고 순한 보습 위주로 관리해주세요. 시술 후 3일 정도는 위 사항을 신경 써주시고, 이후 7일차까지는 서서히 편안해질 거예요."
"더나클리닉","서울 서초구 서초대로77길 17 (BLOCK77)","기기 기반","모델링팩 1회","진정 모델링팩 관리","https://dernaclinic.com/ko","37.500263","127.025797","1","0","각질층이 예민해져 있는 상태라 오늘은 세안 후 순한 보습제로 진정시켜 주세요. 자외선 차단제를 꼭 발라주시고, 스크럽이나 추가 필링처럼 자극이 겹치는 관리는 오늘 하루 쉬어주세요. 오늘 하루만 신경 써서 관리하면 내일부터는 평소처럼 지내도 괜찮아요."
"더나클리닉","서울 서초구 서초대로77길 17 (BLOCK77)","기기 기반","바디 인모드 FX 1부위 1회","고주파 리프팅 및 지방 감소","https://dernaclinic.com/ko","37.500263","127.025797","5","2","탄력이 서서히 올라오는 시기라 오늘은 시술 부위에 강한 힘을 주는 마사지나 압박은 피해주세요. 사우나·찜질방 같은 고온 환경과 음주는 붓기와 자극을 키울 수 있으니 오늘 하루는 쉬어가시고, 자외선 차단제를 꼼꼼히 발라주세요. 시술 후 2일 정도는 위 사항을 신경 써주시고, 이후 5일차까지는 서서히 편안해질 거예요."
"더나클리닉","서울 서초구 서초대로77길 17 (BLOCK77)","기기 기반","바디 인모드 FX 1부위 3회","고주파 리프팅 및 지방 감소","https://dernaclinic.com/ko","37.500263","127.025797","5","2","탄력이 서서히 올라오는 시기라 오늘은 시술 부위에 강한 힘을 주는 마사지나 압박은 피해주세요. 사우나·찜질방 같은 고온 환경과 음주는 붓기와 자극을 키울 수 있으니 오늘 하루는 쉬어가시고, 자외선 차단제를 꼼꼼히 발라주세요. 시술 후 2일 정도는 위 사항을 신경 써주시고, 이후 5일차까지는 서서히 편안해질 거예요."
"더나클리닉","서울 서초구 서초대로77길 17 (BLOCK77)","기기 기반","볼뉴머 100샷","고주파 지방 감소 및 탄력 개선","https://dernaclinic.com/ko","37.500263","127.025797","5","2","탄력이 서서히 올라오는 시기라 오늘은 시술 부위에 강한 힘을 주는 마사지나 압박은 피해주세요. 사우나·찜질방 같은 고온 환경과 음주는 붓기와 자극을 키울 수 있으니 오늘 하루는 쉬어가시고, 자외선 차단제를 꼼꼼히 발라주세요. 시술 후 2일 정도는 위 사항을 신경 써주시고, 이후 5일차까지는 서서히 편안해질 거예요."
"더나클리닉","서울 서초구 서초대로77길 17 (BLOCK77)","기기 기반","볼뉴머 300샷","고주파 지방 감소 및 탄력 개선","https://dernaclinic.com/ko","37.500263","127.025797","5","2","탄력이 서서히 올라오는 시기라 오늘은 시술 부위에 강한 힘을 주는 마사지나 압박은 피해주세요. 사우나·찜질방 같은 고온 환경과 음주는 붓기와 자극을 키울 수 있으니 오늘 하루는 쉬어가시고, 자외선 차단제를 꼼꼼히 발라주세요. 시술 후 2일 정도는 위 사항을 신경 써주시고, 이후 5일차까지는 서서히 편안해질 거예요."
"더나클리닉","서울 서초구 서초대로77길 17 (BLOCK77)","기기 기반","볼뉴머 600샷","고주파 지방 감소 및 탄력 개선","https://dernaclinic.com/ko","37.500263","127.025797","5","2","탄력이 서서히 올라오는 시기라 오늘은 시술 부위에 강한 힘을 주는 마사지나 압박은 피해주세요. 사우나·찜질방 같은 고온 환경과 음주는 붓기와 자극을 키울 수 있으니 오늘 하루는 쉬어가시고, 자외선 차단제를 꼼꼼히 발라주세요. 시술 후 2일 정도는 위 사항을 신경 써주시고, 이후 5일차까지는 서서히 편안해질 거예요."
"더나클리닉","서울 서초구 서초대로77길 17 (BLOCK77)","기기 기반","브라이톤 레이저 1회","색소 개선 레이저","https://dernaclinic.com/ko","37.500263","127.025797","7","3","자외선 차단제를 평소보다 더 꼼꼼히, 자주 덧발라 주세요. 오늘은 각질제거·스크럽·필링 등 추가 자극은 피하고 순한 보습 위주로 관리해주세요. 시술 후 3일 정도는 위 사항을 신경 써주시고, 이후 7일차까지는 서서히 편안해질 거예요."
"더나클리닉","서울 서초구 서초대로77길 17 (BLOCK77)","기기 기반","블랙필 1회","각질·모공 필링 관리","https://dernaclinic.com/ko","37.500263","127.025797","1","0","각질층이 예민해져 있는 상태라 오늘은 세안 후 순한 보습제로 진정시켜 주세요. 자외선 차단제를 꼭 발라주시고, 스크럽이나 추가 필링처럼 자극이 겹치는 관리는 오늘 하루 쉬어주세요. 오늘 하루만 신경 써서 관리하면 내일부터는 평소처럼 지내도 괜찮아요."
"더나클리닉","서울 서초구 서초대로77길 17 (BLOCK77)","기기 기반","산소스케일링 1회","각질 제거 및 산소 트리트먼트","https://dernaclinic.com/ko","37.500263","127.025797","1","0","각질층이 예민해져 있는 상태라 오늘은 세안 후 순한 보습제로 진정시켜 주세요. 자외선 차단제를 꼭 발라주시고, 스크럽이나 추가 필링처럼 자극이 겹치는 관리는 오늘 하루 쉬어주세요. 오늘 하루만 신경 써서 관리하면 내일부터는 평소처럼 지내도 괜찮아요."
"더나클리닉","서울 서초구 서초대로77길 17 (BLOCK77)","기기 기반","소프라노 티타늄 80KJ 1회","고주파 탄력 개선 리프팅","https://dernaclinic.com/ko","37.500263","127.025797","5","2","탄력이 서서히 올라오는 시기라 오늘은 시술 부위에 강한 힘을 주는 마사지나 압박은 피해주세요. 사우나·찜질방 같은 고온 환경과 음주는 붓기와 자극을 키울 수 있으니 오늘 하루는 쉬어가시고, 자외선 차단제를 꼼꼼히 발라주세요. 시술 후 2일 정도는 위 사항을 신경 써주시고, 이후 5일차까지는 서서히 편안해질 거예요."
"더나클리닉","서울 서초구 서초대로77길 17 (BLOCK77)","기기 기반","소프라노 티타늄 80KJ 3회","고주파 탄력 개선 리프팅","https://dernaclinic.com/ko","37.500263","127.025797","5","2","탄력이 서서히 올라오는 시기라 오늘은 시술 부위에 강한 힘을 주는 마사지나 압박은 피해주세요. 사우나·찜질방 같은 고온 환경과 음주는 붓기와 자극을 키울 수 있으니 오늘 하루는 쉬어가시고, 자외선 차단제를 꼼꼼히 발라주세요. 시술 후 2일 정도는 위 사항을 신경 써주시고, 이후 5일차까지는 서서히 편안해질 거예요."
"더나클리닉","서울 서초구 서초대로77길 17 (BLOCK77)","기기 기반","소프웨이브 100샷","초음파 리프팅","https://dernaclinic.com/ko","37.500263","127.025797","5","2","탄력이 서서히 올라오는 시기라 오늘은 시술 부위에 강한 힘을 주는 마사지나 압박은 피해주세요. 사우나·찜질방 같은 고온 환경과 음주는 붓기와 자극을 키울 수 있으니 오늘 하루는 쉬어가시고, 자외선 차단제를 꼼꼼히 발라주세요. 시술 후 2일 정도는 위 사항을 신경 써주시고, 이후 5일차까지는 서서히 편안해질 거예요."
"더나클리닉","서울 서초구 서초대로77길 17 (BLOCK77)","기기 기반","소프웨이브 200샷","초음파 리프팅","https://dernaclinic.com/ko","37.500263","127.025797","5","2","탄력이 서서히 올라오는 시기라 오늘은 시술 부위에 강한 힘을 주는 마사지나 압박은 피해주세요. 사우나·찜질방 같은 고온 환경과 음주는 붓기와 자극을 키울 수 있으니 오늘 하루는 쉬어가시고, 자외선 차단제를 꼼꼼히 발라주세요. 시술 후 2일 정도는 위 사항을 신경 써주시고, 이후 5일차까지는 서서히 편안해질 거예요."
"더나클리닉","서울 서초구 서초대로77길 17 (BLOCK77)","기기 기반","소프웨이브 300샷","초음파 리프팅","https://dernaclinic.com/ko","37.500263","127.025797","5","2","탄력이 서서히 올라오는 시기라 오늘은 시술 부위에 강한 힘을 주는 마사지나 압박은 피해주세요. 사우나·찜질방 같은 고온 환경과 음주는 붓기와 자극을 키울 수 있으니 오늘 하루는 쉬어가시고, 자외선 차단제를 꼼꼼히 발라주세요. 시술 후 2일 정도는 위 사항을 신경 써주시고, 이후 5일차까지는 서서히 편안해질 거예요."
"더나클리닉","서울 서초구 서초대로77길 17 (BLOCK77)","기기 기반","슈링크 유니버스 더마 100샷","고강도초음파 리프팅","https://dernaclinic.com/ko","37.500263","127.025797","5","2","탄력이 서서히 올라오는 시기라 오늘은 시술 부위에 강한 힘을 주는 마사지나 압박은 피해주세요. 사우나·찜질방 같은 고온 환경과 음주는 붓기와 자극을 키울 수 있으니 오늘 하루는 쉬어가시고, 자외선 차단제를 꼼꼼히 발라주세요. 시술 후 2일 정도는 위 사항을 신경 써주시고, 이후 5일차까지는 서서히 편안해질 거예요."
"더나클리닉","서울 서초구 서초대로77길 17 (BLOCK77)","기기 기반","슈링크 유니버스 아이 100샷","고강도초음파 리프팅","https://dernaclinic.com/ko","37.500263","127.025797","5","2","탄력이 서서히 올라오는 시기라 오늘은 시술 부위에 강한 힘을 주는 마사지나 압박은 피해주세요. 사우나·찜질방 같은 고온 환경과 음주는 붓기와 자극을 키울 수 있으니 오늘 하루는 쉬어가시고, 자외선 차단제를 꼼꼼히 발라주세요. 시술 후 2일 정도는 위 사항을 신경 써주시고, 이후 5일차까지는 서서히 편안해질 거예요."
"더나클리닉","서울 서초구 서초대로77길 17 (BLOCK77)","기기 기반","슈링크 유니버스 울트라(선타입) 300샷","고강도초음파 리프팅","https://dernaclinic.com/ko","37.500263","127.025797","5","2","탄력이 서서히 올라오는 시기라 오늘은 시술 부위에 강한 힘을 주는 마사지나 압박은 피해주세요. 사우나·찜질방 같은 고온 환경과 음주는 붓기와 자극을 키울 수 있으니 오늘 하루는 쉬어가시고, 자외선 차단제를 꼼꼼히 발라주세요. 시술 후 2일 정도는 위 사항을 신경 써주시고, 이후 5일차까지는 서서히 편안해질 거예요."
"더나클리닉","서울 서초구 서초대로77길 17 (BLOCK77)","기기 기반","스케일링 1회","각질·피지 제거 관리","https://dernaclinic.com/ko","37.500263","127.025797","1","0","각질층이 예민해져 있는 상태라 오늘은 세안 후 순한 보습제로 진정시켜 주세요. 자외선 차단제를 꼭 발라주시고, 스크럽이나 추가 필링처럼 자극이 겹치는 관리는 오늘 하루 쉬어주세요. 오늘 하루만 신경 써서 관리하면 내일부터는 평소처럼 지내도 괜찮아요."
"더나클리닉","서울 서초구 서초대로77길 17 (BLOCK77)","기기 기반","써마지 FLX 300샷","고주파 열에너지로 피부 탄력 개선","https://dernaclinic.com/ko","37.500263","127.025797","5","2","탄력이 서서히 올라오는 시기라 오늘은 시술 부위에 강한 힘을 주는 마사지나 압박은 피해주세요. 사우나·찜질방 같은 고온 환경과 음주는 붓기와 자극을 키울 수 있으니 오늘 하루는 쉬어가시고, 자외선 차단제를 꼼꼼히 발라주세요. 시술 후 2일 정도는 위 사항을 신경 써주시고, 이후 5일차까지는 서서히 편안해질 거예요."
"더나클리닉","서울 서초구 서초대로77길 17 (BLOCK77)","기기 기반","써마지 FLX 600샷","고주파 열에너지로 피부 탄력 개선","https://dernaclinic.com/ko","37.500263","127.025797","5","2","탄력이 서서히 올라오는 시기라 오늘은 시술 부위에 강한 힘을 주는 마사지나 압박은 피해주세요. 사우나·찜질방 같은 고온 환경과 음주는 붓기와 자극을 키울 수 있으니 오늘 하루는 쉬어가시고, 자외선 차단제를 꼼꼼히 발라주세요. 시술 후 2일 정도는 위 사항을 신경 써주시고, 이후 5일차까지는 서서히 편안해질 거예요."
"더나클리닉","서울 서초구 서초대로77길 17 (BLOCK77)","기기 기반","써마지 FLX 900샷","고주파 열에너지로 피부 탄력 개선","https://dernaclinic.com/ko","37.500263","127.025797","5","2","탄력이 서서히 올라오는 시기라 오늘은 시술 부위에 강한 힘을 주는 마사지나 압박은 피해주세요. 사우나·찜질방 같은 고온 환경과 음주는 붓기와 자극을 키울 수 있으니 오늘 하루는 쉬어가시고, 자외선 차단제를 꼼꼼히 발라주세요. 시술 후 2일 정도는 위 사항을 신경 써주시고, 이후 5일차까지는 서서히 편안해질 거예요."
"더나클리닉","서울 서초구 서초대로77길 17 (BLOCK77)","기기 기반","아이 볼뉴머 200샷","고주파 지방 감소 및 탄력 개선","https://dernaclinic.com/ko","37.500263","127.025797","5","2","탄력이 서서히 올라오는 시기라 오늘은 시술 부위에 강한 힘을 주는 마사지나 압박은 피해주세요. 사우나·찜질방 같은 고온 환경과 음주는 붓기와 자극을 키울 수 있으니 오늘 하루는 쉬어가시고, 자외선 차단제를 꼼꼼히 발라주세요. 시술 후 2일 정도는 위 사항을 신경 써주시고, 이후 5일차까지는 서서히 편안해질 거예요."
"더나클리닉","서울 서초구 서초대로77길 17 (BLOCK77)","기기 기반","아이 써마지 FLX 225샷","고주파 열에너지로 피부 탄력 개선","https://dernaclinic.com/ko","37.500263","127.025797","5","2","탄력이 서서히 올라오는 시기라 오늘은 시술 부위에 강한 힘을 주는 마사지나 압박은 피해주세요. 사우나·찜질방 같은 고온 환경과 음주는 붓기와 자극을 키울 수 있으니 오늘 하루는 쉬어가시고, 자외선 차단제를 꼼꼼히 발라주세요. 시술 후 2일 정도는 위 사항을 신경 써주시고, 이후 5일차까지는 서서히 편안해질 거예요."
"더나클리닉","서울 서초구 서초대로77길 17 (BLOCK77)","기기 기반","아이 써마지 FLX 450샷","고주파 열에너지로 피부 탄력 개선","https://dernaclinic.com/ko","37.500263","127.025797","5","2","탄력이 서서히 올라오는 시기라 오늘은 시술 부위에 강한 힘을 주는 마사지나 압박은 피해주세요. 사우나·찜질방 같은 고온 환경과 음주는 붓기와 자극을 키울 수 있으니 오늘 하루는 쉬어가시고, 자외선 차단제를 꼼꼼히 발라주세요. 시술 후 2일 정도는 위 사항을 신경 써주시고, 이후 5일차까지는 서서히 편안해질 거예요."
"더나클리닉","서울 서초구 서초대로77길 17 (BLOCK77)","기기 기반","아쿠아필 1회","각질·모공 필링 관리","https://dernaclinic.com/ko","37.500263","127.025797","1","0","각질층이 예민해져 있는 상태라 오늘은 세안 후 순한 보습제로 진정시켜 주세요. 자외선 차단제를 꼭 발라주시고, 스크럽이나 추가 필링처럼 자극이 겹치는 관리는 오늘 하루 쉬어주세요. 오늘 하루만 신경 써서 관리하면 내일부터는 평소처럼 지내도 괜찮아요."
"더나클리닉","서울 서초구 서초대로77길 17 (BLOCK77)","기기 기반","압출 1개당","피지·블랙헤드 압출 관리","https://dernaclinic.com/ko","37.500263","127.025797","1","0","각질층이 예민해져 있는 상태라 오늘은 세안 후 순한 보습제로 진정시켜 주세요. 자외선 차단제를 꼭 발라주시고, 스크럽이나 추가 필링처럼 자극이 겹치는 관리는 오늘 하루 쉬어주세요. 오늘 하루만 신경 써서 관리하면 내일부터는 평소처럼 지내도 괜찮아요."
"더나클리닉","서울 서초구 서초대로77길 17 (BLOCK77)","기기 기반","어븀프락셀 1회","피부 재생 프락셀 레이저","https://dernaclinic.com/ko","37.500263","127.025797","7","3","자외선 차단제를 평소보다 더 꼼꼼히, 자주 덧발라 주세요. 오늘은 각질제거·스크럽·필링 등 추가 자극은 피하고 순한 보습 위주로 관리해주세요. 시술 후 3일 정도는 위 사항을 신경 써주시고, 이후 7일차까지는 서서히 편안해질 거예요."
"더나클리닉","서울 서초구 서초대로77길 17 (BLOCK77)","기기 기반","얼굴 로즈필 1회","각질 재생 필링 관리","https://dernaclinic.com/ko","37.500263","127.025797","1","0","각질층이 예민해져 있는 상태라 오늘은 세안 후 순한 보습제로 진정시켜 주세요. 자외선 차단제를 꼭 발라주시고, 스크럽이나 추가 필링처럼 자극이 겹치는 관리는 오늘 하루 쉬어주세요. 오늘 하루만 신경 써서 관리하면 내일부터는 평소처럼 지내도 괜찮아요."
"더나클리닉","서울 서초구 서초대로77길 17 (BLOCK77)","기기 기반","얼굴 전체 압출","피지·블랙헤드 압출 관리","https://dernaclinic.com/ko","37.500263","127.025797","1","0","각질층이 예민해져 있는 상태라 오늘은 세안 후 순한 보습제로 진정시켜 주세요. 자외선 차단제를 꼭 발라주시고, 스크럽이나 추가 필링처럼 자극이 겹치는 관리는 오늘 하루 쉬어주세요. 오늘 하루만 신경 써서 관리하면 내일부터는 평소처럼 지내도 괜찮아요."
"더나클리닉","서울 서초구 서초대로77길 17 (BLOCK77)","기기 기반","엑셀 V 제네시스 토닝 10회","색소·기미 개선 토닝","https://dernaclinic.com/ko","37.500263","127.025797","7","3","자외선 차단제를 평소보다 더 꼼꼼히, 자주 덧발라 주세요. 오늘은 각질제거·스크럽·필링 등 추가 자극은 피하고 순한 보습 위주로 관리해주세요. 시술 후 3일 정도는 위 사항을 신경 써주시고, 이후 7일차까지는 서서히 편안해질 거예요."
"더나클리닉","서울 서초구 서초대로77길 17 (BLOCK77)","기기 기반","엑셀 V 제네시스 토닝 1회","색소·기미 개선 토닝","https://dernaclinic.com/ko","37.500263","127.025797","7","3","자외선 차단제를 평소보다 더 꼼꼼히, 자주 덧발라 주세요. 오늘은 각질제거·스크럽·필링 등 추가 자극은 피하고 순한 보습 위주로 관리해주세요. 시술 후 3일 정도는 위 사항을 신경 써주시고, 이후 7일차까지는 서서히 편안해질 거예요."
"더나클리닉","서울 서초구 서초대로77길 17 (BLOCK77)","기기 기반","엑셀 V 제네시스 토닝 5회","색소·기미 개선 토닝","https://dernaclinic.com/ko","37.500263","127.025797","7","3","자외선 차단제를 평소보다 더 꼼꼼히, 자주 덧발라 주세요. 오늘은 각질제거·스크럽·필링 등 추가 자극은 피하고 순한 보습 위주로 관리해주세요. 시술 후 3일 정도는 위 사항을 신경 써주시고, 이후 7일차까지는 서서히 편안해질 거예요."
"더나클리닉","서울 서초구 서초대로77길 17 (BLOCK77)","기기 기반","엑셀V 여드름자국 모드1회","여드름 흉터 개선 레이저","https://dernaclinic.com/ko","37.500263","127.025797","7","3","각질을 억지로 벗기거나 짜지 말고 순한 진정 케어로 마무리해주세요. 오늘은 각질제거·스크럽·필링 등 추가 자극은 피하고 순한 보습 위주로 관리해주세요. 시술 후 3일 정도는 위 사항을 신경 써주시고, 이후 7일차까지는 서서히 편안해질 거예요."
"더나클리닉","서울 서초구 서초대로77길 17 (BLOCK77)","기기 기반","엑셀V 혈관 모드1회","혈관 확장(실핏줄) 개선 레이저","https://dernaclinic.com/ko","37.500263","127.025797","7","3","뜨거운 물 세안이나 찜질처럼 얼굴이 붉어지는 자극은 오늘 하루 피해주세요. 오늘은 각질제거·스크럽·필링 등 추가 자극은 피하고 순한 보습 위주로 관리해주세요. 시술 후 3일 정도는 위 사항을 신경 써주시고, 이후 7일차까지는 서서히 편안해질 거예요."
"더나클리닉","서울 서초구 서초대로77길 17 (BLOCK77)","기기 기반","엑셀V 홍조 모드1회","안면 홍조 개선 레이저","https://dernaclinic.com/ko","37.500263","127.025797","7","3","뜨거운 물 세안이나 찜질처럼 얼굴이 붉어지는 자극은 오늘 하루 피해주세요. 오늘은 각질제거·스크럽·필링 등 추가 자극은 피하고 순한 보습 위주로 관리해주세요. 시술 후 3일 정도는 위 사항을 신경 써주시고, 이후 7일차까지는 서서히 편안해질 거예요."
"더나클리닉","서울 서초구 서초대로77길 17 (BLOCK77)","기기 기반","온다 바디 100KJ 1회","고주파 지방·탄력 개선 리프팅","https://dernaclinic.com/ko","37.500263","127.025797","5","2","탄력이 서서히 올라오는 시기라 오늘은 시술 부위에 강한 힘을 주는 마사지나 압박은 피해주세요. 사우나·찜질방 같은 고온 환경과 음주는 붓기와 자극을 키울 수 있으니 오늘 하루는 쉬어가시고, 자외선 차단제를 꼼꼼히 발라주세요. 시술 후 2일 정도는 위 사항을 신경 써주시고, 이후 5일차까지는 서서히 편안해질 거예요."
"더나클리닉","서울 서초구 서초대로77길 17 (BLOCK77)","기기 기반","온다 바디 100KJ 3회","고주파 지방·탄력 개선 리프팅","https://dernaclinic.com/ko","37.500263","127.025797","5","2","탄력이 서서히 올라오는 시기라 오늘은 시술 부위에 강한 힘을 주는 마사지나 압박은 피해주세요. 사우나·찜질방 같은 고온 환경과 음주는 붓기와 자극을 키울 수 있으니 오늘 하루는 쉬어가시고, 자외선 차단제를 꼼꼼히 발라주세요. 시술 후 2일 정도는 위 사항을 신경 써주시고, 이후 5일차까지는 서서히 편안해질 거예요."
"더나클리닉","서울 서초구 서초대로77길 17 (BLOCK77)","기기 기반","온다 페이스 60KJ 1회","고주파 지방·탄력 개선 리프팅","https://dernaclinic.com/ko","37.500263","127.025797","5","2","탄력이 서서히 올라오는 시기라 오늘은 시술 부위에 강한 힘을 주는 마사지나 압박은 피해주세요. 사우나·찜질방 같은 고온 환경과 음주는 붓기와 자극을 키울 수 있으니 오늘 하루는 쉬어가시고, 자외선 차단제를 꼼꼼히 발라주세요. 시술 후 2일 정도는 위 사항을 신경 써주시고, 이후 5일차까지는 서서히 편안해질 거예요."
"더나클리닉","서울 서초구 서초대로77길 17 (BLOCK77)","기기 기반","온다 페이스 60KJ 3회","고주파 지방·탄력 개선 리프팅","https://dernaclinic.com/ko","37.500263","127.025797","5","2","탄력이 서서히 올라오는 시기라 오늘은 시술 부위에 강한 힘을 주는 마사지나 압박은 피해주세요. 사우나·찜질방 같은 고온 환경과 음주는 붓기와 자극을 키울 수 있으니 오늘 하루는 쉬어가시고, 자외선 차단제를 꼼꼼히 발라주세요. 시술 후 2일 정도는 위 사항을 신경 써주시고, 이후 5일차까지는 서서히 편안해질 거예요."
"더나클리닉","서울 서초구 서초대로77길 17 (BLOCK77)","기기 기반","온다 풀페이스 100KJ 1회","고주파 지방·탄력 개선 리프팅","https://dernaclinic.com/ko","37.500263","127.025797","5","2","탄력이 서서히 올라오는 시기라 오늘은 시술 부위에 강한 힘을 주는 마사지나 압박은 피해주세요. 사우나·찜질방 같은 고온 환경과 음주는 붓기와 자극을 키울 수 있으니 오늘 하루는 쉬어가시고, 자외선 차단제를 꼼꼼히 발라주세요. 시술 후 2일 정도는 위 사항을 신경 써주시고, 이후 5일차까지는 서서히 편안해질 거예요."
"더나클리닉","서울 서초구 서초대로77길 17 (BLOCK77)","기기 기반","온다 풀페이스 100KJ 3회","고주파 지방·탄력 개선 리프팅","https://dernaclinic.com/ko","37.500263","127.025797","5","2","탄력이 서서히 올라오는 시기라 오늘은 시술 부위에 강한 힘을 주는 마사지나 압박은 피해주세요. 사우나·찜질방 같은 고온 환경과 음주는 붓기와 자극을 키울 수 있으니 오늘 하루는 쉬어가시고, 자외선 차단제를 꼼꼼히 발라주세요. 시술 후 2일 정도는 위 사항을 신경 써주시고, 이후 5일차까지는 서서히 편안해질 거예요."
"더나클리닉","서울 서초구 서초대로77길 17 (BLOCK77)","기기 기반","온다 풀페이스 80KJ 1회","고주파 지방·탄력 개선 리프팅","https://dernaclinic.com/ko","37.500263","127.025797","5","2","탄력이 서서히 올라오는 시기라 오늘은 시술 부위에 강한 힘을 주는 마사지나 압박은 피해주세요. 사우나·찜질방 같은 고온 환경과 음주는 붓기와 자극을 키울 수 있으니 오늘 하루는 쉬어가시고, 자외선 차단제를 꼼꼼히 발라주세요. 시술 후 2일 정도는 위 사항을 신경 써주시고, 이후 5일차까지는 서서히 편안해질 거예요."
"더나클리닉","서울 서초구 서초대로77길 17 (BLOCK77)","기기 기반","온다 풀페이스 80KJ 3회","고주파 지방·탄력 개선 리프팅","https://dernaclinic.com/ko","37.500263","127.025797","5","2","탄력이 서서히 올라오는 시기라 오늘은 시술 부위에 강한 힘을 주는 마사지나 압박은 피해주세요. 사우나·찜질방 같은 고온 환경과 음주는 붓기와 자극을 키울 수 있으니 오늘 하루는 쉬어가시고, 자외선 차단제를 꼼꼼히 발라주세요. 시술 후 2일 정도는 위 사항을 신경 써주시고, 이후 5일차까지는 서서히 편안해질 거예요."
"더나클리닉","서울 서초구 서초대로77길 17 (BLOCK77)","기기 기반","올타이트 100샷 당","고주파 탄력 리프팅","https://dernaclinic.com/ko","37.500263","127.025797","5","2","탄력이 서서히 올라오는 시기라 오늘은 시술 부위에 강한 힘을 주는 마사지나 압박은 피해주세요. 사우나·찜질방 같은 고온 환경과 음주는 붓기와 자극을 키울 수 있으니 오늘 하루는 쉬어가시고, 자외선 차단제를 꼼꼼히 발라주세요. 시술 후 2일 정도는 위 사항을 신경 써주시고, 이후 5일차까지는 서서히 편안해질 거예요."
"더나클리닉","서울 서초구 서초대로77길 17 (BLOCK77)","기기 기반","올타이트 400샷 1회","고주파 탄력 리프팅","https://dernaclinic.com/ko","37.500263","127.025797","5","2","탄력이 서서히 올라오는 시기라 오늘은 시술 부위에 강한 힘을 주는 마사지나 압박은 피해주세요. 사우나·찜질방 같은 고온 환경과 음주는 붓기와 자극을 키울 수 있으니 오늘 하루는 쉬어가시고, 자외선 차단제를 꼼꼼히 발라주세요. 시술 후 2일 정도는 위 사항을 신경 써주시고, 이후 5일차까지는 서서히 편안해질 거예요."
"더나클리닉","서울 서초구 서초대로77길 17 (BLOCK77)","기기 기반","올타이트 400샷 3회","고주파 탄력 리프팅","https://dernaclinic.com/ko","37.500263","127.025797","5","2","탄력이 서서히 올라오는 시기라 오늘은 시술 부위에 강한 힘을 주는 마사지나 압박은 피해주세요. 사우나·찜질방 같은 고온 환경과 음주는 붓기와 자극을 키울 수 있으니 오늘 하루는 쉬어가시고, 자외선 차단제를 꼼꼼히 발라주세요. 시술 후 2일 정도는 위 사항을 신경 써주시고, 이후 5일차까지는 서서히 편안해질 거예요."
"더나클리닉","서울 서초구 서초대로77길 17 (BLOCK77)","기기 기반","올타이트 800샷 1회","고주파 탄력 리프팅","https://dernaclinic.com/ko","37.500263","127.025797","5","2","탄력이 서서히 올라오는 시기라 오늘은 시술 부위에 강한 힘을 주는 마사지나 압박은 피해주세요. 사우나·찜질방 같은 고온 환경과 음주는 붓기와 자극을 키울 수 있으니 오늘 하루는 쉬어가시고, 자외선 차단제를 꼼꼼히 발라주세요. 시술 후 2일 정도는 위 사항을 신경 써주시고, 이후 5일차까지는 서서히 편안해질 거예요."
"더나클리닉","서울 서초구 서초대로77길 17 (BLOCK77)","기기 기반","울쎄라피 프라임 100샷 추가","고강도집속초음파(HIFU)로 리프팅","https://dernaclinic.com/ko","37.500263","127.025797","5","2","탄력이 서서히 올라오는 시기라 오늘은 시술 부위에 강한 힘을 주는 마사지나 압박은 피해주세요. 사우나·찜질방 같은 고온 환경과 음주는 붓기와 자극을 키울 수 있으니 오늘 하루는 쉬어가시고, 자외선 차단제를 꼼꼼히 발라주세요. 시술 후 2일 정도는 위 사항을 신경 써주시고, 이후 5일차까지는 서서히 편안해질 거예요."
"더나클리닉","서울 서초구 서초대로77길 17 (BLOCK77)","기기 기반","울쎄라피 프라임 300샷","고강도집속초음파(HIFU)로 리프팅","https://dernaclinic.com/ko","37.500263","127.025797","5","2","탄력이 서서히 올라오는 시기라 오늘은 시술 부위에 강한 힘을 주는 마사지나 압박은 피해주세요. 사우나·찜질방 같은 고온 환경과 음주는 붓기와 자극을 키울 수 있으니 오늘 하루는 쉬어가시고, 자외선 차단제를 꼼꼼히 발라주세요. 시술 후 2일 정도는 위 사항을 신경 써주시고, 이후 5일차까지는 서서히 편안해질 거예요."
"더나클리닉","서울 서초구 서초대로77길 17 (BLOCK77)","기기 기반","울쎄라피 프라임 600샷","고강도집속초음파(HIFU)로 리프팅","https://dernaclinic.com/ko","37.500263","127.025797","5","2","탄력이 서서히 올라오는 시기라 오늘은 시술 부위에 강한 힘을 주는 마사지나 압박은 피해주세요. 사우나·찜질방 같은 고온 환경과 음주는 붓기와 자극을 키울 수 있으니 오늘 하루는 쉬어가시고, 자외선 차단제를 꼼꼼히 발라주세요. 시술 후 2일 정도는 위 사항을 신경 써주시고, 이후 5일차까지는 서서히 편안해질 거예요."
"더나클리닉","서울 서초구 서초대로77길 17 (BLOCK77)","기기 기반","울쎄라피 프라임 아이 200샷","고강도집속초음파(HIFU)로 리프팅","https://dernaclinic.com/ko","37.500263","127.025797","5","2","탄력이 서서히 올라오는 시기라 오늘은 시술 부위에 강한 힘을 주는 마사지나 압박은 피해주세요. 사우나·찜질방 같은 고온 환경과 음주는 붓기와 자극을 키울 수 있으니 오늘 하루는 쉬어가시고, 자외선 차단제를 꼼꼼히 발라주세요. 시술 후 2일 정도는 위 사항을 신경 써주시고, 이후 5일차까지는 서서히 편안해질 거예요."
"더나클리닉","서울 서초구 서초대로77길 17 (BLOCK77)","기기 기반","인모드 forma 1부위 1회","고주파 리프팅 및 지방 감소","https://dernaclinic.com/ko","37.500263","127.025797","5","2","탄력이 서서히 올라오는 시기라 오늘은 시술 부위에 강한 힘을 주는 마사지나 압박은 피해주세요. 사우나·찜질방 같은 고온 환경과 음주는 붓기와 자극을 키울 수 있으니 오늘 하루는 쉬어가시고, 자외선 차단제를 꼼꼼히 발라주세요. 시술 후 2일 정도는 위 사항을 신경 써주시고, 이후 5일차까지는 서서히 편안해질 거예요."
"더나클리닉","서울 서초구 서초대로77길 17 (BLOCK77)","기기 기반","인모드 forma 1부위 3회","고주파 리프팅 및 지방 감소","https://dernaclinic.com/ko","37.500263","127.025797","5","2","탄력이 서서히 올라오는 시기라 오늘은 시술 부위에 강한 힘을 주는 마사지나 압박은 피해주세요. 사우나·찜질방 같은 고온 환경과 음주는 붓기와 자극을 키울 수 있으니 오늘 하루는 쉬어가시고, 자외선 차단제를 꼼꼼히 발라주세요. 시술 후 2일 정도는 위 사항을 신경 써주시고, 이후 5일차까지는 서서히 편안해질 거예요."
"더나클리닉","서울 서초구 서초대로77길 17 (BLOCK77)","기기 기반","인모드 forma 풀페이스 1회","고주파 리프팅 및 지방 감소","https://dernaclinic.com/ko","37.500263","127.025797","5","2","탄력이 서서히 올라오는 시기라 오늘은 시술 부위에 강한 힘을 주는 마사지나 압박은 피해주세요. 사우나·찜질방 같은 고온 환경과 음주는 붓기와 자극을 키울 수 있으니 오늘 하루는 쉬어가시고, 자외선 차단제를 꼼꼼히 발라주세요. 시술 후 2일 정도는 위 사항을 신경 써주시고, 이후 5일차까지는 서서히 편안해질 거예요."
"더나클리닉","서울 서초구 서초대로77길 17 (BLOCK77)","기기 기반","인모드 forma 풀페이스 3회","고주파 리프팅 및 지방 감소","https://dernaclinic.com/ko","37.500263","127.025797","5","2","탄력이 서서히 올라오는 시기라 오늘은 시술 부위에 강한 힘을 주는 마사지나 압박은 피해주세요. 사우나·찜질방 같은 고온 환경과 음주는 붓기와 자극을 키울 수 있으니 오늘 하루는 쉬어가시고, 자외선 차단제를 꼼꼼히 발라주세요. 시술 후 2일 정도는 위 사항을 신경 써주시고, 이후 5일차까지는 서서히 편안해질 거예요."
"더나클리닉","서울 서초구 서초대로77길 17 (BLOCK77)","기기 기반","인모드 miniFX 1부위 1회","고주파 리프팅 및 지방 감소","https://dernaclinic.com/ko","37.500263","127.025797","5","2","탄력이 서서히 올라오는 시기라 오늘은 시술 부위에 강한 힘을 주는 마사지나 압박은 피해주세요. 사우나·찜질방 같은 고온 환경과 음주는 붓기와 자극을 키울 수 있으니 오늘 하루는 쉬어가시고, 자외선 차단제를 꼼꼼히 발라주세요. 시술 후 2일 정도는 위 사항을 신경 써주시고, 이후 5일차까지는 서서히 편안해질 거예요."
"더나클리닉","서울 서초구 서초대로77길 17 (BLOCK77)","기기 기반","인모드 miniFX 1부위 3회","고주파 리프팅 및 지방 감소","https://dernaclinic.com/ko","37.500263","127.025797","5","2","탄력이 서서히 올라오는 시기라 오늘은 시술 부위에 강한 힘을 주는 마사지나 압박은 피해주세요. 사우나·찜질방 같은 고온 환경과 음주는 붓기와 자극을 키울 수 있으니 오늘 하루는 쉬어가시고, 자외선 차단제를 꼼꼼히 발라주세요. 시술 후 2일 정도는 위 사항을 신경 써주시고, 이후 5일차까지는 서서히 편안해질 거예요."
"더나클리닉","서울 서초구 서초대로77길 17 (BLOCK77)","기기 기반","인모드 miniFX 풀페이스 1회","고주파 리프팅 및 지방 감소","https://dernaclinic.com/ko","37.500263","127.025797","5","2","탄력이 서서히 올라오는 시기라 오늘은 시술 부위에 강한 힘을 주는 마사지나 압박은 피해주세요. 사우나·찜질방 같은 고온 환경과 음주는 붓기와 자극을 키울 수 있으니 오늘 하루는 쉬어가시고, 자외선 차단제를 꼼꼼히 발라주세요. 시술 후 2일 정도는 위 사항을 신경 써주시고, 이후 5일차까지는 서서히 편안해질 거예요."
"더나클리닉","서울 서초구 서초대로77길 17 (BLOCK77)","기기 기반","인모드 miniFX 풀페이스 3회","고주파 리프팅 및 지방 감소","https://dernaclinic.com/ko","37.500263","127.025797","5","2","탄력이 서서히 올라오는 시기라 오늘은 시술 부위에 강한 힘을 주는 마사지나 압박은 피해주세요. 사우나·찜질방 같은 고온 환경과 음주는 붓기와 자극을 키울 수 있으니 오늘 하루는 쉬어가시고, 자외선 차단제를 꼼꼼히 발라주세요. 시술 후 2일 정도는 위 사항을 신경 써주시고, 이후 5일차까지는 서서히 편안해질 거예요."
"더나클리닉","서울 서초구 서초대로77길 17 (BLOCK77)","기기 기반","카프리레이저 1회","모공 및 피지 개선 레이저","https://dernaclinic.com/ko","37.500263","127.025797","7","3","자외선 차단제를 평소보다 더 꼼꼼히, 자주 덧발라 주세요. 오늘은 각질제거·스크럽·필링 등 추가 자극은 피하고 순한 보습 위주로 관리해주세요. 시술 후 3일 정도는 위 사항을 신경 써주시고, 이후 7일차까지는 서서히 편안해질 거예요."
"더나클리닉","서울 서초구 서초대로77길 17 (BLOCK77)","기기 기반","크라이오 진정관리 1회","냉각 진정 관리","https://dernaclinic.com/ko","37.500263","127.025797","1","0","몸의 순환과 컨디션을 끌어올리는 관리를 받으셨어요, 오늘은 물을 평소보다 넉넉히 마셔 노폐물 배출을 도와주세요. 격한 운동보다는 가벼운 스트레칭 정도로 몸을 편안하게 유지해주세요. 오늘 하루만 신경 써서 관리하면 내일부터는 평소처럼 지내도 괜찮아요."
"더나클리닉","서울 서초구 서초대로77길 17 (BLOCK77)","기기 기반","튠 라이너 1회","고강도초음파 부위별 리프팅","https://dernaclinic.com/ko","37.500263","127.025797","5","2","탄력이 서서히 올라오는 시기라 오늘은 시술 부위에 강한 힘을 주는 마사지나 압박은 피해주세요. 사우나·찜질방 같은 고온 환경과 음주는 붓기와 자극을 키울 수 있으니 오늘 하루는 쉬어가시고, 자외선 차단제를 꼼꼼히 발라주세요. 시술 후 2일 정도는 위 사항을 신경 써주시고, 이후 5일차까지는 서서히 편안해질 거예요."
"더나클리닉","서울 서초구 서초대로77길 17 (BLOCK77)","기기 기반","튠 레드(30KJ) 1회","고강도초음파 부위별 리프팅","https://dernaclinic.com/ko","37.500263","127.025797","5","2","탄력이 서서히 올라오는 시기라 오늘은 시술 부위에 강한 힘을 주는 마사지나 압박은 피해주세요. 사우나·찜질방 같은 고온 환경과 음주는 붓기와 자극을 키울 수 있으니 오늘 하루는 쉬어가시고, 자외선 차단제를 꼼꼼히 발라주세요. 시술 후 2일 정도는 위 사항을 신경 써주시고, 이후 5일차까지는 서서히 편안해질 거예요."
"더나클리닉","서울 서초구 서초대로77길 17 (BLOCK77)","기기 기반","튠 블루(60KJ) 1회","고강도초음파 부위별 리프팅","https://dernaclinic.com/ko","37.500263","127.025797","5","2","탄력이 서서히 올라오는 시기라 오늘은 시술 부위에 강한 힘을 주는 마사지나 압박은 피해주세요. 사우나·찜질방 같은 고온 환경과 음주는 붓기와 자극을 키울 수 있으니 오늘 하루는 쉬어가시고, 자외선 차단제를 꼼꼼히 발라주세요. 시술 후 2일 정도는 위 사항을 신경 써주시고, 이후 5일차까지는 서서히 편안해질 거예요."
"더나클리닉","서울 서초구 서초대로77길 17 (BLOCK77)","기기 기반","튠 아이즈 1회","고강도초음파 부위별 리프팅","https://dernaclinic.com/ko","37.500263","127.025797","5","2","탄력이 서서히 올라오는 시기라 오늘은 시술 부위에 강한 힘을 주는 마사지나 압박은 피해주세요. 사우나·찜질방 같은 고온 환경과 음주는 붓기와 자극을 키울 수 있으니 오늘 하루는 쉬어가시고, 자외선 차단제를 꼼꼼히 발라주세요. 시술 후 2일 정도는 위 사항을 신경 써주시고, 이후 5일차까지는 서서히 편안해질 거예요."
"더나클리닉","서울 서초구 서초대로77길 17 (BLOCK77)","기기 기반","포텐자 나비존 1회","코 주변 모공·피지 개선 고주파 미세침","https://dernaclinic.com/ko","37.500263","127.025797","7","3","미세한 자극으로 붉은 기와 좁쌀 같은 오돌토돌함이 남아있을 수 있는 시기예요, 오늘은 두꺼운 화장은 피하고 순한 성분으로만 보습해주세요. 자외선 차단제를 넉넉히 덧발라 주시고 뜨거운 찜질이나 각질제거는 잠시 쉬어주세요. 시술 후 3일 정도는 위 사항을 신경 써주시고, 이후 7일차까지는 서서히 편안해질 거예요."
"더나클리닉","서울 서초구 서초대로77길 17 (BLOCK77)","기기 기반","포텐자 나비존 3회","코 주변 모공·피지 개선 고주파 미세침","https://dernaclinic.com/ko","37.500263","127.025797","7","3","미세한 자극으로 붉은 기와 좁쌀 같은 오돌토돌함이 남아있을 수 있는 시기예요, 오늘은 두꺼운 화장은 피하고 순한 성분으로만 보습해주세요. 자외선 차단제를 넉넉히 덧발라 주시고 뜨거운 찜질이나 각질제거는 잠시 쉬어주세요. 시술 후 3일 정도는 위 사항을 신경 써주시고, 이후 7일차까지는 서서히 편안해질 거예요."
"더나클리닉","서울 서초구 서초대로77길 17 (BLOCK77)","기기 기반","포텐자 나비존 5회","코 주변 모공·피지 개선 고주파 미세침","https://dernaclinic.com/ko","37.500263","127.025797","7","3","미세한 자극으로 붉은 기와 좁쌀 같은 오돌토돌함이 남아있을 수 있는 시기예요, 오늘은 두꺼운 화장은 피하고 순한 성분으로만 보습해주세요. 자외선 차단제를 넉넉히 덧발라 주시고 뜨거운 찜질이나 각질제거는 잠시 쉬어주세요. 시술 후 3일 정도는 위 사항을 신경 써주시고, 이후 7일차까지는 서서히 편안해질 거예요."
"더나클리닉","서울 서초구 서초대로77길 17 (BLOCK77)","기기 기반","포텐자 모공 풀페이스 1회","모공 축소 고주파 미세침","https://dernaclinic.com/ko","37.500263","127.025797","7","3","미세한 자극으로 붉은 기와 좁쌀 같은 오돌토돌함이 남아있을 수 있는 시기예요, 오늘은 두꺼운 화장은 피하고 순한 성분으로만 보습해주세요. 자외선 차단제를 넉넉히 덧발라 주시고 뜨거운 찜질이나 각질제거는 잠시 쉬어주세요. 시술 후 3일 정도는 위 사항을 신경 써주시고, 이후 7일차까지는 서서히 편안해질 거예요."
"더나클리닉","서울 서초구 서초대로77길 17 (BLOCK77)","기기 기반","포텐자 모공 풀페이스 3회","모공 축소 고주파 미세침","https://dernaclinic.com/ko","37.500263","127.025797","7","3","미세한 자극으로 붉은 기와 좁쌀 같은 오돌토돌함이 남아있을 수 있는 시기예요, 오늘은 두꺼운 화장은 피하고 순한 성분으로만 보습해주세요. 자외선 차단제를 넉넉히 덧발라 주시고 뜨거운 찜질이나 각질제거는 잠시 쉬어주세요. 시술 후 3일 정도는 위 사항을 신경 써주시고, 이후 7일차까지는 서서히 편안해질 거예요."
"더나클리닉","서울 서초구 서초대로77길 17 (BLOCK77)","기기 기반","포텐자 모공 풀페이스 5회","모공 축소 고주파 미세침","https://dernaclinic.com/ko","37.500263","127.025797","7","3","미세한 자극으로 붉은 기와 좁쌀 같은 오돌토돌함이 남아있을 수 있는 시기예요, 오늘은 두꺼운 화장은 피하고 순한 성분으로만 보습해주세요. 자외선 차단제를 넉넉히 덧발라 주시고 뜨거운 찜질이나 각질제거는 잠시 쉬어주세요. 시술 후 3일 정도는 위 사항을 신경 써주시고, 이후 7일차까지는 서서히 편안해질 거예요."
"더나클리닉","서울 서초구 서초대로77길 17 (BLOCK77)","기기 기반","포텐자 펌핑팁 1회","약물 흡수 촉진 고주파 미세침","https://dernaclinic.com/ko","37.500263","127.025797","7","3","미세한 자극으로 붉은 기와 좁쌀 같은 오돌토돌함이 남아있을 수 있는 시기예요, 오늘은 두꺼운 화장은 피하고 순한 성분으로만 보습해주세요. 자외선 차단제를 넉넉히 덧발라 주시고 뜨거운 찜질이나 각질제거는 잠시 쉬어주세요. 시술 후 3일 정도는 위 사항을 신경 써주시고, 이후 7일차까지는 서서히 편안해질 거예요."
"더나클리닉","서울 서초구 서초대로77길 17 (BLOCK77)","기기 기반","풀페이스 얼굴 제모 1회","레이저 제모","https://dernaclinic.com/ko","37.500263","127.025797","7","3","시술 부위 각질이나 털을 억지로 뜯어내지 말고 자연스럽게 빠지도록 두세요. 오늘은 각질제거·스크럽·필링 등 추가 자극은 피하고 순한 보습 위주로 관리해주세요. 시술 후 3일 정도는 위 사항을 신경 써주시고, 이후 7일차까지는 서서히 편안해질 거예요."
"더나클리닉","서울 서초구 서초대로77길 17 (BLOCK77)","기기 기반","풀페이스 인모드 FX + FORMA 1회","고주파 리프팅 및 지방 감소","https://dernaclinic.com/ko","37.500263","127.025797","5","2","탄력이 서서히 올라오는 시기라 오늘은 시술 부위에 강한 힘을 주는 마사지나 압박은 피해주세요. 사우나·찜질방 같은 고온 환경과 음주는 붓기와 자극을 키울 수 있으니 오늘 하루는 쉬어가시고, 자외선 차단제를 꼼꼼히 발라주세요. 시술 후 2일 정도는 위 사항을 신경 써주시고, 이후 5일차까지는 서서히 편안해질 거예요."
"더나클리닉","서울 서초구 서초대로77길 17 (BLOCK77)","기기 기반","풀페이스 인모드 FX + FORMA 3회","고주파 리프팅 및 지방 감소","https://dernaclinic.com/ko","37.500263","127.025797","5","2","탄력이 서서히 올라오는 시기라 오늘은 시술 부위에 강한 힘을 주는 마사지나 압박은 피해주세요. 사우나·찜질방 같은 고온 환경과 음주는 붓기와 자극을 키울 수 있으니 오늘 하루는 쉬어가시고, 자외선 차단제를 꼼꼼히 발라주세요. 시술 후 2일 정도는 위 사항을 신경 써주시고, 이후 5일차까지는 서서히 편안해질 거예요."
"더나클리닉","서울 서초구 서초대로77길 17 (BLOCK77)","기기 기반","플래티넘 PTT 풀케어 1회","피부 진정 및 재생 광선관리","https://dernaclinic.com/ko","37.500263","127.025797","1","0","각질층이 예민해져 있는 상태라 오늘은 세안 후 순한 보습제로 진정시켜 주세요. 자외선 차단제를 꼭 발라주시고, 스크럽이나 추가 필링처럼 자극이 겹치는 관리는 오늘 하루 쉬어주세요. 오늘 하루만 신경 써서 관리하면 내일부터는 평소처럼 지내도 괜찮아요."
"더나클리닉","서울 서초구 서초대로77길 17 (BLOCK77)","기기 기반","피코토닝 1회","색소·기미 개선 토닝","https://dernaclinic.com/ko","37.500263","127.025797","7","3","자외선 차단제를 평소보다 더 꼼꼼히, 자주 덧발라 주세요. 오늘은 각질제거·스크럽·필링 등 추가 자극은 피하고 순한 보습 위주로 관리해주세요. 시술 후 3일 정도는 위 사항을 신경 써주시고, 이후 7일차까지는 서서히 편안해질 거예요."
"더나클리닉","서울 서초구 서초대로77길 17 (BLOCK77)","기기 기반","피코프락셀 1회","모공·흉터 개선 피코 레이저","https://dernaclinic.com/ko","37.500263","127.025797","7","3","각질을 억지로 벗기거나 짜지 말고 순한 진정 케어로 마무리해주세요. 오늘은 각질제거·스크럽·필링 등 추가 자극은 피하고 순한 보습 위주로 관리해주세요. 시술 후 3일 정도는 위 사항을 신경 써주시고, 이후 7일차까지는 서서히 편안해질 거예요."
"더나클리닉","서울 서초구 서초대로77길 17 (BLOCK77)","기기 기반","기타 부위 1회(손등+손가락, 발등+발가락)","전용 기기를 이용한 피부·탄력 개선 관리","https://dernaclinic.com/ko","37.500263","127.025797","5","2","탄력이 서서히 올라오는 시기라 오늘은 시술 부위에 강한 힘을 주는 마사지나 압박은 피해주세요. 사우나·찜질방 같은 고온 환경과 음주는 붓기와 자극을 키울 수 있으니 오늘 하루는 쉬어가시고, 자외선 차단제를 꼼꼼히 발라주세요. 시술 후 2일 정도는 위 사항을 신경 써주시고, 이후 5일차까지는 서서히 편안해질 거예요."
"더나클리닉","서울 서초구 서초대로77길 17 (BLOCK77)","약물·주사","더나 셀 스칼프 그로스(두피) 60cc 1회","두피 영양 공급 및 모발 성장 지원","https://dernaclinic.com/ko","37.500263","127.025797","5","2","두피가 예민해져 있을 수 있는 시기라 오늘은 두피를 세게 문지르는 샴푸나 스타일링은 피해주세요. 당일 사우나나 뜨거운 드라이보다는 미지근한 온도로 가볍게 마무리해주세요. 시술 후 2일 정도는 위 사항을 신경 써주시고, 이후 5일차까지는 서서히 편안해질 거예요."
"더나클리닉","서울 서초구 서초대로77길 17 (BLOCK77)","약물·주사","더나 셀 스칼프 그로스(두피) 60cc 3회","두피 영양 공급 및 모발 성장 지원","https://dernaclinic.com/ko","37.500263","127.025797","5","2","두피가 예민해져 있을 수 있는 시기라 오늘은 두피를 세게 문지르는 샴푸나 스타일링은 피해주세요. 당일 사우나나 뜨거운 드라이보다는 미지근한 온도로 가볍게 마무리해주세요. 시술 후 2일 정도는 위 사항을 신경 써주시고, 이후 5일차까지는 서서히 편안해질 거예요."
"더나클리닉","서울 서초구 서초대로77길 17 (BLOCK77)","약물·주사","더나 셀 이뮨 부스트(수액) 120cc 1회","면역력 강화 수액","https://dernaclinic.com/ko","37.500263","127.025797","1","0","오늘은 충분한 수분과 휴식으로 컨디션을 채워주는 게 가장 중요해요. 주사를 맞은 부위에 멍이나 약간의 뻐근함이 있을 수 있으니 무리한 팔 운동은 잠시 피해주세요. 오늘 하루만 신경 써서 관리하면 내일부터는 평소처럼 지내도 괜찮아요."
"더나클리닉","서울 서초구 서초대로77길 17 (BLOCK77)","약물·주사","더나 셀 이뮨 부스트(수액) 120cc 3회","면역력 강화 수액","https://dernaclinic.com/ko","37.500263","127.025797","1","0","오늘은 충분한 수분과 휴식으로 컨디션을 채워주는 게 가장 중요해요. 주사를 맞은 부위에 멍이나 약간의 뻐근함이 있을 수 있으니 무리한 팔 운동은 잠시 피해주세요. 오늘 하루만 신경 써서 관리하면 내일부터는 평소처럼 지내도 괜찮아요."
"더나클리닉","서울 서초구 서초대로77길 17 (BLOCK77)","기기 기반","라라샷Q 1회","피부 톤·탄력 개선 복합 관리","https://dernaclinic.com/ko","37.500263","127.025797","1","0","각질층이 예민해져 있는 상태라 오늘은 세안 후 순한 보습제로 진정시켜 주세요. 자외선 차단제를 꼭 발라주시고, 스크럽이나 추가 필링처럼 자극이 겹치는 관리는 오늘 하루 쉬어주세요. 오늘 하루만 신경 써서 관리하면 내일부터는 평소처럼 지내도 괜찮아요."
"더나클리닉","서울 서초구 서초대로77길 17 (BLOCK77)","기기 기반","레디어스 목/손등 1회","레이저 색소·모공 개선 관리","https://dernaclinic.com/ko","37.500263","127.025797","7","3","자외선 차단제를 평소보다 더 꼼꼼히, 자주 덧발라 주세요. 오늘은 각질제거·스크럽·필링 등 추가 자극은 피하고 순한 보습 위주로 관리해주세요. 시술 후 3일 정도는 위 사항을 신경 써주시고, 이후 7일차까지는 서서히 편안해질 거예요."
"더나클리닉","서울 서초구 서초대로77길 17 (BLOCK77)","기기 기반","레디어스 목/손등 2회","레이저 색소·모공 개선 관리","https://dernaclinic.com/ko","37.500263","127.025797","7","3","자외선 차단제를 평소보다 더 꼼꼼히, 자주 덧발라 주세요. 오늘은 각질제거·스크럽·필링 등 추가 자극은 피하고 순한 보습 위주로 관리해주세요. 시술 후 3일 정도는 위 사항을 신경 써주시고, 이후 7일차까지는 서서히 편안해질 거예요."
"더나클리닉","서울 서초구 서초대로77길 17 (BLOCK77)","기기 기반","블루리페어 솔루션 1회","피부 진정 및 트러블 케어 솔루션","https://dernaclinic.com/ko","37.500263","127.025797","1","0","피부 결과 탄력이 서서히 개선되는 시기라 오늘은 자극적인 각질제거나 스크럽 없이 순한 세안과 보습으로만 관리해주세요. 주삿바늘 자국 주변에 작은 붉은 기나 오돌토돌함이 있을 수 있는데 억지로 짜거나 만지지 말고 자연스럽게 가라앉기를 기다려주세요. 오늘 하루만 신경 써서 관리하면 내일부터는 평소처럼 지내도 괜찮아요."
"더나클리닉","서울 서초구 서초대로77길 17 (BLOCK77)","기기 기반","풀페이스 레디어스 1회","레이저 색소·모공 개선 관리","https://dernaclinic.com/ko","37.500263","127.025797","7","3","자외선 차단제를 평소보다 더 꼼꼼히, 자주 덧발라 주세요. 오늘은 각질제거·스크럽·필링 등 추가 자극은 피하고 순한 보습 위주로 관리해주세요. 시술 후 3일 정도는 위 사항을 신경 써주시고, 이후 7일차까지는 서서히 편안해질 거예요."
"더나클리닉","서울 서초구 서초대로77길 17 (BLOCK77)","기기 기반","풀페이스 레디어스 2회","레이저 색소·모공 개선 관리","https://dernaclinic.com/ko","37.500263","127.025797","7","3","자외선 차단제를 평소보다 더 꼼꼼히, 자주 덧발라 주세요. 오늘은 각질제거·스크럽·필링 등 추가 자극은 피하고 순한 보습 위주로 관리해주세요. 시술 후 3일 정도는 위 사항을 신경 써주시고, 이후 7일차까지는 서서히 편안해질 거예요."
"더나클리닉","서울 서초구 서초대로77길 17 (BLOCK77)","기기 기반","하이쿡스 1회","약물 흡수 촉진용 무통 주입기 시술","https://dernaclinic.com/ko","37.500263","127.025797","7","3","미세한 자극으로 붉은 기와 좁쌀 같은 오돌토돌함이 남아있을 수 있는 시기예요, 오늘은 두꺼운 화장은 피하고 순한 성분으로만 보습해주세요. 자외선 차단제를 넉넉히 덧발라 주시고 뜨거운 찜질이나 각질제거는 잠시 쉬어주세요. 시술 후 3일 정도는 위 사항을 신경 써주시고, 이후 7일차까지는 서서히 편안해질 거예요."
"윔 센터 강남","서울특별시 서초구 서초대로77길 17, B101호(서초동, BLOCK77 지하 1층)","기기 기반","인프라레드 사우나/캡슐","적외선 사우나로 체온 상승 및 대사 촉진","https://www.wimclinic.com/","37.500263","127.025797","1","0","몸의 순환과 컨디션을 끌어올리는 관리를 받으셨어요, 오늘은 물을 평소보다 넉넉히 마셔 노폐물 배출을 도와주세요. 격한 운동보다는 가벼운 스트레칭 정도로 몸을 편안하게 유지해주세요. 오늘 하루만 신경 써서 관리하면 내일부터는 평소처럼 지내도 괜찮아요."
"윔 센터 강남","서울특별시 서초구 서초대로77길 17, B101호(서초동, BLOCK77 지하 1층)","기기 기반","옥시젠챔버","고농도 산소 공급으로 피로 회복 및 컨디션 개선","https://www.wimclinic.com/","37.500263","127.025797","1","0","오늘은 충분한 수분과 휴식으로 컨디션을 채워주는 게 가장 중요해요. 주사를 맞은 부위에 멍이나 약간의 뻐근함이 있을 수 있으니 무리한 팔 운동은 잠시 피해주세요. 오늘 하루만 신경 써서 관리하면 내일부터는 평소처럼 지내도 괜찮아요."
"윔 센터 강남","서울특별시 서초구 서초대로77길 17, B101호(서초동, BLOCK77 지하 1층)","기기 기반","크라이오테라피","냉각 진정 관리","https://www.wimclinic.com/","37.500263","127.025797","1","0","몸의 순환과 컨디션을 끌어올리는 관리를 받으셨어요, 오늘은 물을 평소보다 넉넉히 마셔 노폐물 배출을 도와주세요. 격한 운동보다는 가벼운 스트레칭 정도로 몸을 편안하게 유지해주세요. 오늘 하루만 신경 써서 관리하면 내일부터는 평소처럼 지내도 괜찮아요."
"윔 센터 강남","서울특별시 서초구 서초대로77길 17, B101호(서초동, BLOCK77 지하 1층)","기기 기반","윔펄스테라피","저주파 자극을 통한 근육 이완 및 셀룰라이트 개선","https://www.wimclinic.com/","37.500263","127.025797","1","0","몸의 순환과 컨디션을 끌어올리는 관리를 받으셨어요, 오늘은 물을 평소보다 넉넉히 마셔 노폐물 배출을 도와주세요. 격한 운동보다는 가벼운 스트레칭 정도로 몸을 편안하게 유지해주세요. 오늘 하루만 신경 써서 관리하면 내일부터는 평소처럼 지내도 괜찮아요."
"윔 센터 강남","서울특별시 서초구 서초대로77길 17, B101호(서초동, BLOCK77 지하 1층)","기기 기반","에어프레셔","공기압 림프 마사지로 하체 부종 개선","https://www.wimclinic.com/","37.500263","127.025797","1","0","몸의 순환과 컨디션을 끌어올리는 관리를 받으셨어요, 오늘은 물을 평소보다 넉넉히 마셔 노폐물 배출을 도와주세요. 격한 운동보다는 가벼운 스트레칭 정도로 몸을 편안하게 유지해주세요. 오늘 하루만 신경 써서 관리하면 내일부터는 평소처럼 지내도 괜찮아요."
"윔 센터 강남","서울특별시 서초구 서초대로77길 17, B101호(서초동, BLOCK77 지하 1층)","F&B·제품","저탄수·고단백 쉐이크","저탄수·고단백 식사 대용 쉐이크","https://www.wimclinic.com/","37.500263","127.025797","0","0","오늘 섭취하신 만큼 다른 끼니는 자극적이지 않게 균형 있게 구성해보세요. 물을 충분히 함께 마셔주시면 컨디션 관리에 더 도움이 돼요."
"윔 센터 강남","서울특별시 서초구 서초대로77길 17, B101호(서초동, BLOCK77 지하 1층)","F&B·제품","마시는 식이섬유","장 건강을 위한 마시는 식이섬유","https://www.wimclinic.com/","37.500263","127.025797","0","0","오늘 섭취하신 만큼 다른 끼니는 자극적이지 않게 균형 있게 구성해보세요. 물을 충분히 함께 마셔주시면 컨디션 관리에 더 도움이 돼요."
"윔 센터 강남","서울특별시 서초구 서초대로77길 17, B101호(서초동, BLOCK77 지하 1층)","F&B·제품","WIM 도시락","대사 회복 설계 영양 균형 도시락","https://www.wimclinic.com/","37.500263","127.025797","0","0","오늘 섭취하신 만큼 다른 끼니는 자극적이지 않게 균형 있게 구성해보세요. 물을 충분히 함께 마셔주시면 컨디션 관리에 더 도움이 돼요."
